OrigName,FoundName,TAXA,TITLE
American Goldfinch,Carduelis tristis,Birds,Bird populations in east central Illinois. Fluctuations variations and development over a half-century
American Goldfinch,Carduelis tristis,Birds,Bird populations in east central Illinois. Fluctuations variations and development over a half-century
American Goldfinch,Carduelis tristis,Birds,Bird populations in east central Illinois. Fluctuations variations and development over a half-century
American Goldfinch,Spinus tristis,Birds,Bird populations in east central Illinois. Fluctuations variations and development over a half-century
American Goldfinch,Spinus tristis,Birds,Bird populations in east central Illinois. Fluctuations variations and development over a half-century
American Goldfinch,Spinus tristis,Birds,Bird populations in east central Illinois. Fluctuations variations and development over a half-century
Antarctic fur-seal,Arctocephalus gazella,Birds,Data collected aboard cruises off the coast of the Western Antarctic Penninsula
Antarctic fur-seal,Arctocephalus tropicalis,Birds,Data collected aboard cruises off the coast of the Western Antarctic Penninsula
Barred owl,Pulsatrix melanota,Birds,Bird populations in east central Illinois. Fluctuations variations and development over a half-century
Barred owl,Pulsatrix melanota,Birds,Bird populations in east central Illinois. Fluctuations variations and development over a half-century
Barred owl,Pulsatrix melanota,Birds,Bird populations in east central Illinois. Fluctuations variations and development over a half-century
Barred owl,Strix hylophila,Birds,Bird populations in east central Illinois. Fluctuations variations and development over a half-century
Barred owl,Strix hylophila,Birds,Bird populations in east central Illinois. Fluctuations variations and development over a half-century
Barred owl,Strix hylophila,Birds,Bird populations in east central Illinois. Fluctuations variations and development over a half-century
Barred owl,Strix varia,Birds,Bird populations in east central Illinois. Fluctuations variations and development over a half-century
Barred owl,Strix varia,Birds,Bird populations in east central Illinois. Fluctuations variations and development over a half-century
Barred owl,Strix varia,Birds,Bird populations in east central Illinois. Fluctuations variations and development over a half-century
Black-Browed albatross,Thalassarche melanophris,Birds,Data collected aboard cruises off the coast of the Western Antarctic Penninsula
Black-Browed albatross,Thalassarche melanophrys,Birds,Data collected aboard cruises off the coast of the Western Antarctic Penninsula
Black-capped chickadee,Parus atricapillus,Birds,Bird community dynamics in a temperate deciduous forest Long-term trends at Hubbard Brook
Black-capped chickadee,Parus atricapillus,Birds,Bird populations in east central Illinois. Fluctuations variations and development over a half-century
Black-capped chickadee,Parus atricapillus,Birds,Bird populations in east central Illinois. Fluctuations variations and development over a half-century
Black-capped chickadee,Parus atricapillus,Birds,Bird populations in east central Illinois. Fluctuations variations and development over a half-century
Black-capped chickadee,Poecile atricapillus,Birds,Bird community dynamics in a temperate deciduous forest Long-term trends at Hubbard Brook
Black-capped chickadee,Poecile atricapillus,Birds,Bird populations in east central Illinois. Fluctuations variations and development over a half-century
Black-capped chickadee,Poecile atricapillus,Birds,Bird populations in east central Illinois. Fluctuations variations and development over a half-century
Black-capped chickadee,Poecile atricapillus,Birds,Bird populations in east central Illinois. Fluctuations variations and development over a half-century
Bobwhite,Colinus cristatus,Birds,Bird populations in east central Illinois. Fluctuations variations and development over a half-century
Bobwhite,Colinus cristatus,Birds,Bird populations in east central Illinois. Fluctuations variations and development over a half-century
Bobwhite,Colinus cristatus,Birds,Bird populations in east central Illinois. Fluctuations variations and development over a half-century
Bobwhite,Colinus leucopogon,Birds,Bird populations in east central Illinois. Fluctuations variations and development over a half-century
Bobwhite,Colinus leucopogon,Birds,Bird populations in east central Illinois. Fluctuations variations and development over a half-century
Bobwhite,Colinus leucopogon,Birds,Bird populations in east central Illinois. Fluctuations variations and development over a half-century
Bobwhite,Colinus nigrogularis,Birds,Bird populations in east central Illinois. Fluctuations variations and development over a half-century
Bobwhite,Colinus nigrogularis,Birds,Bird populations in east central Illinois. Fluctuations variations and development over a half-century
Bobwhite,Colinus nigrogularis,Birds,Bird populations in east central Illinois. Fluctuations variations and development over a half-century
Bobwhite,Colinus virginianus,Birds,Bird populations in east central Illinois. Fluctuations variations and development over a half-century
Bobwhite,Colinus virginianus,Birds,Bird populations in east central Illinois. Fluctuations variations and development over a half-century
Bobwhite,Colinus virginianus,Birds,Bird populations in east central Illinois. Fluctuations variations and development over a half-century
Brown creeper,Certhia americana,Birds,Bird community dynamics in a temperate deciduous forest Long-term trends at Hubbard Brook
Brown creeper,Certhia americana,Birds,Bird populations in east central Illinois. Fluctuations variations and development over a half-century
Brown creeper,Certhia americana,Birds,Bird populations in east central Illinois. Fluctuations variations and development over a half-century
Brown creeper,Finschia novaeseelandiae,Birds,Bird community dynamics in a temperate deciduous forest Long-term trends at Hubbard Brook
Brown creeper,Finschia novaeseelandiae,Birds,Bird populations in east central Illinois. Fluctuations variations and development over a half-century
Brown creeper,Finschia novaeseelandiae,Birds,Bird populations in east central Illinois. Fluctuations variations and development over a half-century
Brown creeper,Mohoua novaeseelandiae,Birds,Bird community dynamics in a temperate deciduous forest Long-term trends at Hubbard Brook
Brown creeper,Mohoua novaeseelandiae,Birds,Bird populations in east central Illinois. Fluctuations variations and development over a half-century
Brown creeper,Mohoua novaeseelandiae,Birds,Bird populations in east central Illinois. Fluctuations variations and development over a half-century
Cardinal,Acalypha radians,Birds,Bird populations in east central Illinois. Fluctuations variations and development over a half-century
Cardinal,Acalypha radians,Birds,Bird populations in east central Illinois. Fluctuations variations and development over a half-century
Cardinal,Acalypha radians,Birds,Bird populations in east central Illinois. Fluctuations variations and development over a half-century
Cardinal,Acalypha radians,Birds,Bird populations in east central Illinois. Fluctuations variations and development over a half-century
Cardinal,Aphilopota cardinalli,Birds,Bird populations in east central Illinois. Fluctuations variations and development over a half-century
Cardinal,Aphilopota cardinalli,Birds,Bird populations in east central Illinois. Fluctuations variations and development over a half-century
Cardinal,Aphilopota cardinalli,Birds,Bird populations in east central Illinois. Fluctuations variations and development over a half-century
Cardinal,Aphilopota cardinalli,Birds,Bird populations in east central Illinois. Fluctuations variations and development over a half-century
Cardinal,Apogonichthyoides nigripinnis,Birds,Bird populations in east central Illinois. Fluctuations variations and development over a half-century
Cardinal,Apogonichthyoides nigripinnis,Birds,Bird populations in east central Illinois. Fluctuations variations and development over a half-century
Cardinal,Apogonichthyoides nigripinnis,Birds,Bird populations in east central Illinois. Fluctuations variations and development over a half-century
Cardinal,Apogonichthyoides nigripinnis,Birds,Bird populations in east central Illinois. Fluctuations variations and development over a half-century
Cardinal,Apogonichthyoides timorensis,Birds,Bird populations in east central Illinois. Fluctuations variations and development over a half-century
Cardinal,Apogonichthyoides timorensis,Birds,Bird populations in east central Illinois. Fluctuations variations and development over a half-century
Cardinal,Apogonichthyoides timorensis,Birds,Bird populations in east central Illinois. Fluctuations variations and development over a half-century
Cardinal,Apogonichthyoides timorensis,Birds,Bird populations in east central Illinois. Fluctuations variations and development over a half-century
Cardinal,Cardinalis cardinalis,Birds,Bird populations in east central Illinois. Fluctuations variations and development over a half-century
Cardinal,Cardinalis cardinalis,Birds,Bird populations in east central Illinois. Fluctuations variations and development over a half-century
Cardinal,Cardinalis cardinalis,Birds,Bird populations in east central Illinois. Fluctuations variations and development over a half-century
Cardinal,Cardinalis cardinalis,Birds,Bird populations in east central Illinois. Fluctuations variations and development over a half-century
Cardinal,Cardinalis phoeniceus,Birds,Bird populations in east central Illinois. Fluctuations variations and development over a half-century
Cardinal,Cardinalis phoeniceus,Birds,Bird populations in east central Illinois. Fluctuations variations and development over a half-century
Cardinal,Cardinalis phoeniceus,Birds,Bird populations in east central Illinois. Fluctuations variations and development over a half-century
Cardinal,Cardinalis phoeniceus,Birds,Bird populations in east central Illinois. Fluctuations variations and development over a half-century
Cardinal,Chalcopsitta cardinalis,Birds,Bird populations in east central Illinois. Fluctuations variations and development over a half-century
Cardinal,Chalcopsitta cardinalis,Birds,Bird populations in east central Illinois. Fluctuations variations and development over a half-century
Cardinal,Chalcopsitta cardinalis,Birds,Bird populations in east central Illinois. Fluctuations variations and development over a half-century
Cardinal,Chalcopsitta cardinalis,Birds,Bird populations in east central Illinois. Fluctuations variations and development over a half-century
Cardinal,Cheilodipterus arabicus,Birds,Bird populations in east central Illinois. Fluctuations variations and development over a half-century
Cardinal,Cheilodipterus arabicus,Birds,Bird populations in east central Illinois. Fluctuations variations and development over a half-century
Cardinal,Cheilodipterus arabicus,Birds,Bird populations in east central Illinois. Fluctuations variations and development over a half-century
Cardinal,Cheilodipterus arabicus,Birds,Bird populations in east central Illinois. Fluctuations variations and development over a half-century
Cardinal,Conus cardinalis,Birds,Bird populations in east central Illinois. Fluctuations variations and development over a half-century
Cardinal,Conus cardinalis,Birds,Bird populations in east central Illinois. Fluctuations variations and development over a half-century
Cardinal,Conus cardinalis,Birds,Bird populations in east central Illinois. Fluctuations variations and development over a half-century
Cardinal,Conus cardinalis,Birds,Bird populations in east central Illinois. Fluctuations variations and development over a half-century
Cardinal,Dasychira cardinalli,Birds,Bird populations in east central Illinois. Fluctuations variations and development over a half-century
Cardinal,Dasychira cardinalli,Birds,Bird populations in east central Illinois. Fluctuations variations and development over a half-century
Cardinal,Dasychira cardinalli,Birds,Bird populations in east central Illinois. Fluctuations variations and development over a half-century
Cardinal,Dasychira cardinalli,Birds,Bird populations in east central Illinois. Fluctuations variations and development over a half-century
Cardinal,Ipomoea multifida,Birds,Bird populations in east central Illinois. Fluctuations variations and development over a half-century
Cardinal,Ipomoea multifida,Birds,Bird populations in east central Illinois. Fluctuations variations and development over a half-century
Cardinal,Ipomoea multifida,Birds,Bird populations in east central Illinois. Fluctuations variations and development over a half-century
Cardinal,Ipomoea multifida,Birds,Bird populations in east central Illinois. Fluctuations variations and development over a half-century
Cardinal,Lobelia cardinalis,Birds,Bird populations in east central Illinois. Fluctuations variations and development over a half-century
Cardinal,Lobelia cardinalis,Birds,Bird populations in east central Illinois. Fluctuations variations and development over a half-century
Cardinal,Lobelia cardinalis,Birds,Bird populations in east central Illinois. Fluctuations variations and development over a half-century
Cardinal,Lobelia cardinalis,Birds,Bird populations in east central Illinois. Fluctuations variations and development over a half-century
Cardinal,Myripristis gildi,Birds,Bird populations in east central Illinois. Fluctuations variations and development over a half-century
Cardinal,Myripristis gildi,Birds,Bird populations in east central Illinois. Fluctuations variations and development over a half-century
Cardinal,Myripristis gildi,Birds,Bird populations in east central Illinois. Fluctuations variations and development over a half-century
Cardinal,Myripristis gildi,Birds,Bird populations in east central Illinois. Fluctuations variations and development over a half-century
Cardinal,Opisthodontia cardinalli,Birds,Bird populations in east central Illinois. Fluctuations variations and development over a half-century
Cardinal,Opisthodontia cardinalli,Birds,Bird populations in east central Illinois. Fluctuations variations and development over a half-century
Cardinal,Opisthodontia cardinalli,Birds,Bird populations in east central Illinois. Fluctuations variations and development over a half-century
Cardinal,Opisthodontia cardinalli,Birds,Bird populations in east central Illinois. Fluctuations variations and development over a half-century
Cardinal,Ostorhinchus apogonoides,Birds,Bird populations in east central Illinois. Fluctuations variations and development over a half-century
Cardinal,Ostorhinchus apogonoides,Birds,Bird populations in east central Illinois. Fluctuations variations and development over a half-century
Cardinal,Ostorhinchus apogonoides,Birds,Bird populations in east central Illinois. Fluctuations variations and development over a half-century
Cardinal,Ostorhinchus apogonoides,Birds,Bird populations in east central Illinois. Fluctuations variations and development over a half-century
Cardinal,Ostorhinchus hartzfeldii,Birds,Bird populations in east central Illinois. Fluctuations variations and development over a half-century
Cardinal,Ostorhinchus hartzfeldii,Birds,Bird populations in east central Illinois. Fluctuations variations and development over a half-century
Cardinal,Ostorhinchus hartzfeldii,Birds,Bird populations in east central Illinois. Fluctuations variations and development over a half-century
Cardinal,Ostorhinchus hartzfeldii,Birds,Bird populations in east central Illinois. Fluctuations variations and development over a half-century
Cardinal,Pachystachys spicata,Birds,Bird populations in east central Illinois. Fluctuations variations and development over a half-century
Cardinal,Pachystachys spicata,Birds,Bird populations in east central Illinois. Fluctuations variations and development over a half-century
Cardinal,Pachystachys spicata,Birds,Bird populations in east central Illinois. Fluctuations variations and development over a half-century
Cardinal,Pachystachys spicata,Birds,Bird populations in east central Illinois. Fluctuations variations and development over a half-century
Cardinal,Parnassius cardinal,Birds,Bird populations in east central Illinois. Fluctuations variations and development over a half-century
Cardinal,Parnassius cardinal,Birds,Bird populations in east central Illinois. Fluctuations variations and development over a half-century
Cardinal,Parnassius cardinal,Birds,Bird populations in east central Illinois. Fluctuations variations and development over a half-century
Cardinal,Parnassius cardinal,Birds,Bird populations in east central Illinois. Fluctuations variations and development over a half-century
Cardinal,Paroaria capitata,Birds,Bird populations in east central Illinois. Fluctuations variations and development over a half-century
Cardinal,Paroaria capitata,Birds,Bird populations in east central Illinois. Fluctuations variations and development over a half-century
Cardinal,Paroaria capitata,Birds,Bird populations in east central Illinois. Fluctuations variations and development over a half-century
Cardinal,Paroaria capitata,Birds,Bird populations in east central Illinois. Fluctuations variations and development over a half-century
Cardinal,Paroaria coronata,Birds,Bird populations in east central Illinois. Fluctuations variations and development over a half-century
Cardinal,Paroaria coronata,Birds,Bird populations in east central Illinois. Fluctuations variations and development over a half-century
Cardinal,Paroaria coronata,Birds,Bird populations in east central Illinois. Fluctuations variations and development over a half-century
Cardinal,Paroaria coronata,Birds,Bird populations in east central Illinois. Fluctuations variations and development over a half-century
Cardinal,Penstemon cardinalis,Birds,Bird populations in east central Illinois. Fluctuations variations and development over a half-century
Cardinal,Penstemon cardinalis,Birds,Bird populations in east central Illinois. Fluctuations variations and development over a half-century
Cardinal,Penstemon cardinalis,Birds,Bird populations in east central Illinois. Fluctuations variations and development over a half-century
Cardinal,Penstemon cardinalis,Birds,Bird populations in east central Illinois. Fluctuations variations and development over a half-century
Cardinal,Perola cardinalli,Birds,Bird populations in east central Illinois. Fluctuations variations and development over a half-century
Cardinal,Perola cardinalli,Birds,Bird populations in east central Illinois. Fluctuations variations and development over a half-century
Cardinal,Perola cardinalli,Birds,Bird populations in east central Illinois. Fluctuations variations and development over a half-century
Cardinal,Perola cardinalli,Birds,Bird populations in east central Illinois. Fluctuations variations and development over a half-century
Cardinal,Phidippus cardinalis,Birds,Bird populations in east central Illinois. Fluctuations variations and development over a half-century
Cardinal,Phidippus cardinalis,Birds,Bird populations in east central Illinois. Fluctuations variations and development over a half-century
Cardinal,Phidippus cardinalis,Birds,Bird populations in east central Illinois. Fluctuations variations and development over a half-century
Cardinal,Phidippus cardinalis,Birds,Bird populations in east central Illinois. Fluctuations variations and development over a half-century
Cardinal,Pyrochroa serraticornis,Birds,Bird populations in east central Illinois. Fluctuations variations and development over a half-century
Cardinal,Pyrochroa serraticornis,Birds,Bird populations in east central Illinois. Fluctuations variations and development over a half-century
Cardinal,Pyrochroa serraticornis,Birds,Bird populations in east central Illinois. Fluctuations variations and development over a half-century
Cardinal,Pyrochroa serraticornis,Birds,Bird populations in east central Illinois. Fluctuations variations and development over a half-century
Cardinal,Quelea cardinalis,Birds,Bird populations in east central Illinois. Fluctuations variations and development over a half-century
Cardinal,Quelea cardinalis,Birds,Bird populations in east central Illinois. Fluctuations variations and development over a half-century
Cardinal,Quelea cardinalis,Birds,Bird populations in east central Illinois. Fluctuations variations and development over a half-century
Cardinal,Quelea cardinalis,Birds,Bird populations in east central Illinois. Fluctuations variations and development over a half-century
Cardinal,Quelea cardinals,Birds,Bird populations in east central Illinois. Fluctuations variations and development over a half-century
Cardinal,Quelea cardinals,Birds,Bird populations in east central Illinois. Fluctuations variations and development over a half-century
Cardinal,Quelea cardinals,Birds,Bird populations in east central Illinois. Fluctuations variations and development over a half-century
Cardinal,Quelea cardinals,Birds,Bird populations in east central Illinois. Fluctuations variations and development over a half-century
Cardinal,Sena cardinalli,Birds,Bird populations in east central Illinois. Fluctuations variations and development over a half-century
Cardinal,Sena cardinalli,Birds,Bird populations in east central Illinois. Fluctuations variations and development over a half-century
Cardinal,Sena cardinalli,Birds,Bird populations in east central Illinois. Fluctuations variations and development over a half-century
Cardinal,Sena cardinalli,Birds,Bird populations in east central Illinois. Fluctuations variations and development over a half-century
Cardinal,Silene laciniata,Birds,Bird populations in east central Illinois. Fluctuations variations and development over a half-century
Cardinal,Silene laciniata,Birds,Bird populations in east central Illinois. Fluctuations variations and development over a half-century
Cardinal,Silene laciniata,Birds,Bird populations in east central Illinois. Fluctuations variations and development over a half-century
Cardinal,Silene laciniata,Birds,Bird populations in east central Illinois. Fluctuations variations and development over a half-century
Cardinal,Sympetrum illotum,Birds,Bird populations in east central Illinois. Fluctuations variations and development over a half-century
Cardinal,Sympetrum illotum,Birds,Bird populations in east central Illinois. Fluctuations variations and development over a half-century
Cardinal,Sympetrum illotum,Birds,Bird populations in east central Illinois. Fluctuations variations and development over a half-century
Cardinal,Sympetrum illotum,Birds,Bird populations in east central Illinois. Fluctuations variations and development over a half-century
Cardinal,Tegenaria parietina,Birds,Bird populations in east central Illinois. Fluctuations variations and development over a half-century
Cardinal,Tegenaria parietina,Birds,Bird populations in east central Illinois. Fluctuations variations and development over a half-century
Cardinal,Tegenaria parietina,Birds,Bird populations in east central Illinois. Fluctuations variations and development over a half-century
Cardinal,Tegenaria parietina,Birds,Bird populations in east central Illinois. Fluctuations variations and development over a half-century
Cardinal,Tillandsia fasciculata,Birds,Bird populations in east central Illinois. Fluctuations variations and development over a half-century
Cardinal,Tillandsia fasciculata,Birds,Bird populations in east central Illinois. Fluctuations variations and development over a half-century
Cardinal,Tillandsia fasciculata,Birds,Bird populations in east central Illinois. Fluctuations variations and development over a half-century
Cardinal,Tillandsia fasciculata,Birds,Bird populations in east central Illinois. Fluctuations variations and development over a half-century
Cedar Waxwing,Bombycilla cedrorum,Birds,Bird populations in east central Illinois. Fluctuations variations and development over a half-century
Cedar Waxwing,Bombycilla cedrorum,Birds,Bird populations in east central Illinois. Fluctuations variations and development over a half-century
Cedar Waxwing,Bombycilla cedrorum,Birds,Bird populations in east central Illinois. Fluctuations variations and development over a half-century
Cedar Waxwing,Calycanthus floridus,Birds,Bird populations in east central Illinois. Fluctuations variations and development over a half-century
Cedar Waxwing,Calycanthus floridus,Birds,Bird populations in east central Illinois. Fluctuations variations and development over a half-century
Cedar Waxwing,Calycanthus floridus,Birds,Bird populations in east central Illinois. Fluctuations variations and development over a half-century
Cerulean warbler,Dendroica cerulea,Birds,Bird populations in east central Illinois. Fluctuations variations and development over a half-century
Cerulean warbler,Setophaga cerulea,Birds,Bird populations in east central Illinois. Fluctuations variations and development over a half-century
Common redpoll,Acanthis flammea,Birds,Bird populations in east central Illinois. Fluctuations variations and development over a half-century
Common redpoll,Carduelis flammea,Birds,Bird populations in east central Illinois. Fluctuations variations and development over a half-century
Common redpoll,Leucosticte tephrocotis,Birds,Bird populations in east central Illinois. Fluctuations variations and development over a half-century
Crabeater seal,Lobodon carcinophaga,Birds,Data collected aboard cruises off the coast of the Western Antarctic Penninsula
Crabeater seal,Lobodon carcinophagus,Birds,Data collected aboard cruises off the coast of the Western Antarctic Penninsula
Downy woodpecker,Dryobates pubescens,Birds,Bird community dynamics in a temperate deciduous forest Long-term trends at Hubbard Brook
Downy woodpecker,Dryobates pubescens,Birds,Bird populations in east central Illinois. Fluctuations variations and development over a half-century
Downy woodpecker,Dryobates pubescens,Birds,Bird populations in east central Illinois. Fluctuations variations and development over a half-century
Downy woodpecker,Dryobates pubescens,Birds,Bird populations in east central Illinois. Fluctuations variations and development over a half-century
Downy woodpecker,Dryobates pubescens,Birds,Bird populations in east central Illinois. Fluctuations variations and development over a half-century
Downy woodpecker,Picoides pubescens,Birds,Bird community dynamics in a temperate deciduous forest Long-term trends at Hubbard Brook
Downy woodpecker,Picoides pubescens,Birds,Bird populations in east central Illinois. Fluctuations variations and development over a half-century
Downy woodpecker,Picoides pubescens,Birds,Bird populations in east central Illinois. Fluctuations variations and development over a half-century
Downy woodpecker,Picoides pubescens,Birds,Bird populations in east central Illinois. Fluctuations variations and development over a half-century
Downy woodpecker,Picoides pubescens,Birds,Bird populations in east central Illinois. Fluctuations variations and development over a half-century
Evening grosbeak,Coccothraustes vespertinus,Birds,Bird populations in east central Illinois. Fluctuations variations and development over a half-century
Evening grosbeak,Hesperiphona vespertina,Birds,Bird populations in east central Illinois. Fluctuations variations and development over a half-century
Fin whale,Balaenoptera edeni,Birds,Data collected aboard cruises off the coast of the Western Antarctic Penninsula
Fin whale,Balaenoptera omurai,Birds,Data collected aboard cruises off the coast of the Western Antarctic Penninsula
Fin whale,Balaenoptera physalus,Birds,Data collected aboard cruises off the coast of the Western Antarctic Penninsula
Fox sparrow,Passerella iliaca,Birds,Bird populations in east central Illinois. Fluctuations variations and development over a half-century
Fox sparrow,Passerella megarhyncha,Birds,Bird populations in east central Illinois. Fluctuations variations and development over a half-century
Fox sparrow,Passerella schistacea,Birds,Bird populations in east central Illinois. Fluctuations variations and development over a half-century
Fox sparrow,Passerella unalaschcensis,Birds,Bird populations in east central Illinois. Fluctuations variations and development over a half-century
Hairy woodpecker,Leuconotopicus villosus,Birds,Bird community dynamics in a temperate deciduous forest Long-term trends at Hubbard Brook
Hairy woodpecker,Leuconotopicus villosus,Birds,Bird populations in east central Illinois. Fluctuations variations and development over a half-century
Hairy woodpecker,Leuconotopicus villosus,Birds,Bird populations in east central Illinois. Fluctuations variations and development over a half-century
Hairy woodpecker,Leuconotopicus villosus,Birds,Bird populations in east central Illinois. Fluctuations variations and development over a half-century
Hairy woodpecker,Leuconotopicus villosus,Birds,Bird populations in east central Illinois. Fluctuations variations and development over a half-century
Hairy woodpecker,Picoides villosus,Birds,Bird community dynamics in a temperate deciduous forest Long-term trends at Hubbard Brook
Hairy woodpecker,Picoides villosus,Birds,Bird populations in east central Illinois. Fluctuations variations and development over a half-century
Hairy woodpecker,Picoides villosus,Birds,Bird populations in east central Illinois. Fluctuations variations and development over a half-century
Hairy woodpecker,Picoides villosus,Birds,Bird populations in east central Illinois. Fluctuations variations and development over a half-century
Hairy woodpecker,Picoides villosus,Birds,Bird populations in east central Illinois. Fluctuations variations and development over a half-century
Kentucky warbler,Geothlypis formosa,Birds,Bird populations in east central Illinois. Fluctuations variations and development over a half-century
Kentucky warbler,Geothlypis formosa,Birds,Bird populations in east central Illinois. Fluctuations variations and development over a half-century
Kentucky warbler,Geothlypis formosa,Birds,Bird populations in east central Illinois. Fluctuations variations and development over a half-century
Kentucky warbler,Ictinia mississippiensis,Birds,Bird populations in east central Illinois. Fluctuations variations and development over a half-century
Kentucky warbler,Ictinia mississippiensis,Birds,Bird populations in east central Illinois. Fluctuations variations and development over a half-century
Kentucky warbler,Ictinia mississippiensis,Birds,Bird populations in east central Illinois. Fluctuations variations and development over a half-century
Kentucky warbler,Oporonis forosus,Birds,Bird populations in east central Illinois. Fluctuations variations and development over a half-century
Kentucky warbler,Oporonis forosus,Birds,Bird populations in east central Illinois. Fluctuations variations and development over a half-century
Kentucky warbler,Oporonis forosus,Birds,Bird populations in east central Illinois. Fluctuations variations and development over a half-century
Killer whale,Feresa attenuata,Birds,Data collected aboard cruises off the coast of the Western Antarctic Penninsula
Killer whale,Orcinus orca,Birds,Data collected aboard cruises off the coast of the Western Antarctic Penninsula
Killer whale,Pseudorca crassidens,Birds,Data collected aboard cruises off the coast of the Western Antarctic Penninsula
Louisiana waterthrush,Parkesia motacilla,Birds,Bird populations in east central Illinois. Fluctuations variations and development over a half-century
Louisiana waterthrush,Seiurus aquaticus,Birds,Bird populations in east central Illinois. Fluctuations variations and development over a half-century
Louisiana waterthrush,Seiurus motacilla,Birds,Bird populations in east central Illinois. Fluctuations variations and development over a half-century
Minke whale,Balaenoptera acutorostrata,Birds,Data collected aboard cruises off the coast of the Western Antarctic Penninsula
Minke whale,Balaenoptera bonaerensis,Birds,Data collected aboard cruises off the coast of the Western Antarctic Penninsula
Mockingbird,Melanotis caerulescens,Birds,Bird populations in east central Illinois. Fluctuations variations and development over a half-century
Mockingbird,Melanotis caerulescens,Birds,Bird populations in east central Illinois. Fluctuations variations and development over a half-century
Mockingbird,Melanotis hypoleucus,Birds,Bird populations in east central Illinois. Fluctuations variations and development over a half-century
Mockingbird,Melanotis hypoleucus,Birds,Bird populations in east central Illinois. Fluctuations variations and development over a half-century
Mockingbird,Mimus dorsalis,Birds,Bird populations in east central Illinois. Fluctuations variations and development over a half-century
Mockingbird,Mimus dorsalis,Birds,Bird populations in east central Illinois. Fluctuations variations and development over a half-century
Mockingbird,Mimus gilvus,Birds,Bird populations in east central Illinois. Fluctuations variations and development over a half-century
Mockingbird,Mimus gilvus,Birds,Bird populations in east central Illinois. Fluctuations variations and development over a half-century
Mockingbird,Mimus graysoni,Birds,Bird populations in east central Illinois. Fluctuations variations and development over a half-century
Mockingbird,Mimus graysoni,Birds,Bird populations in east central Illinois. Fluctuations variations and development over a half-century
Mockingbird,Mimus gundlachii,Birds,Bird populations in east central Illinois. Fluctuations variations and development over a half-century
Mockingbird,Mimus gundlachii,Birds,Bird populations in east central Illinois. Fluctuations variations and development over a half-century
Mockingbird,Mimus longicaudatus,Birds,Bird populations in east central Illinois. Fluctuations variations and development over a half-century
Mockingbird,Mimus longicaudatus,Birds,Bird populations in east central Illinois. Fluctuations variations and development over a half-century
Mockingbird,Mimus macdonaldi,Birds,Bird populations in east central Illinois. Fluctuations variations and development over a half-century
Mockingbird,Mimus macdonaldi,Birds,Bird populations in east central Illinois. Fluctuations variations and development over a half-century
Mockingbird,Mimus melanotis,Birds,Bird populations in east central Illinois. Fluctuations variations and development over a half-century
Mockingbird,Mimus melanotis,Birds,Bird populations in east central Illinois. Fluctuations variations and development over a half-century
Mockingbird,Mimus parvulus,Birds,Bird populations in east central Illinois. Fluctuations variations and development over a half-century
Mockingbird,Mimus parvulus,Birds,Bird populations in east central Illinois. Fluctuations variations and development over a half-century
Mockingbird,Mimus patagonicus,Birds,Bird populations in east central Illinois. Fluctuations variations and development over a half-century
Mockingbird,Mimus patagonicus,Birds,Bird populations in east central Illinois. Fluctuations variations and development over a half-century
Mockingbird,Mimus polyglottos,Birds,Bird populations in east central Illinois. Fluctuations variations and development over a half-century
Mockingbird,Mimus polyglottos,Birds,Bird populations in east central Illinois. Fluctuations variations and development over a half-century
Mockingbird,Mimus saturninus,Birds,Bird populations in east central Illinois. Fluctuations variations and development over a half-century
Mockingbird,Mimus saturninus,Birds,Bird populations in east central Illinois. Fluctuations variations and development over a half-century
Mockingbird,Mimus thenca,Birds,Bird populations in east central Illinois. Fluctuations variations and development over a half-century
Mockingbird,Mimus thenca,Birds,Bird populations in east central Illinois. Fluctuations variations and development over a half-century
Mockingbird,Mimus trifasciatus,Birds,Bird populations in east central Illinois. Fluctuations variations and development over a half-century
Mockingbird,Mimus trifasciatus,Birds,Bird populations in east central Illinois. Fluctuations variations and development over a half-century
Mockingbird,Mimus triurus,Birds,Bird populations in east central Illinois. Fluctuations variations and development over a half-century
Mockingbird,Mimus triurus,Birds,Bird populations in east central Illinois. Fluctuations variations and development over a half-century
Mourning Dove,Streptopelia decipiens,Birds,Bird populations in east central Illinois. Fluctuations variations and development over a half-century
Mourning Dove,Streptopelia decipiens,Birds,Bird populations in east central Illinois. Fluctuations variations and development over a half-century
Mourning Dove,Streptopelia decipiens,Birds,Bird populations in east central Illinois. Fluctuations variations and development over a half-century
Mourning Dove,Streptopelia decipiens,Birds,Bird populations in east central Illinois. Fluctuations variations and development over a half-century
Mourning Dove,Zenaida macroura,Birds,Bird populations in east central Illinois. Fluctuations variations and development over a half-century
Mourning Dove,Zenaida macroura,Birds,Bird populations in east central Illinois. Fluctuations variations and development over a half-century
Mourning Dove,Zenaida macroura,Birds,Bird populations in east central Illinois. Fluctuations variations and development over a half-century
Mourning Dove,Zenaida macroura,Birds,Bird populations in east central Illinois. Fluctuations variations and development over a half-century
Pilot whale,Globicephala macrorhynchus,Birds,Data collected aboard cruises off the coast of the Western Antarctic Penninsula
Pilot whale,Globicephala melas,Birds,Data collected aboard cruises off the coast of the Western Antarctic Penninsula
Pilot whale,Pseudorca crassidens,Birds,Data collected aboard cruises off the coast of the Western Antarctic Penninsula
Red-tailed Hawk,Buteo jamaicensis,Birds,Bird populations in east central Illinois. Fluctuations variations and development over a half-century
Red-tailed Hawk,Buteo jamaicensis,Birds,Bird populations in east central Illinois. Fluctuations variations and development over a half-century
Red-tailed Hawk,Buteo ventralis,Birds,Bird populations in east central Illinois. Fluctuations variations and development over a half-century
Red-tailed Hawk,Buteo ventralis,Birds,Bird populations in east central Illinois. Fluctuations variations and development over a half-century
Red-winged Blackbird,Agelaius phoeniceus,Birds,Bird populations in east central Illinois. Fluctuations variations and development over a half-century
Red-winged Blackbird,Agelaius phoeniceus,Birds,Bird populations in east central Illinois. Fluctuations variations and development over a half-century
Red-winged Blackbird,Botaurus lentiginosus,Birds,Bird populations in east central Illinois. Fluctuations variations and development over a half-century
Red-winged Blackbird,Botaurus lentiginosus,Birds,Bird populations in east central Illinois. Fluctuations variations and development over a half-century
Ring-necked pheasant,Phasianus colchicus,Birds,Bird populations in east central Illinois. Fluctuations variations and development over a half-century
Ring-necked pheasant,Phasianus colchicus,Birds,Bird populations in east central Illinois. Fluctuations variations and development over a half-century
Ring-necked pheasant,Phasianus colchicus,Birds,Bird populations in east central Illinois. Fluctuations variations and development over a half-century
Ring-necked pheasant,Phasianus torquatus,Birds,Bird populations in east central Illinois. Fluctuations variations and development over a half-century
Ring-necked pheasant,Phasianus torquatus,Birds,Bird populations in east central Illinois. Fluctuations variations and development over a half-century
Ring-necked pheasant,Phasianus torquatus,Birds,Bird populations in east central Illinois. Fluctuations variations and development over a half-century
Saw-whet owl,Aegolius acadicus,Birds,Bird populations in east central Illinois. Fluctuations variations and development over a half-century
Saw-whet owl,Aegolius gradyi,Birds,Bird populations in east central Illinois. Fluctuations variations and development over a half-century
Saw-whet owl,Aegolius ridgwayi,Birds,Bird populations in east central Illinois. Fluctuations variations and development over a half-century
Screech owl,Gymnoglaux lawrencii,Birds,Bird populations in east central Illinois. Fluctuations variations and development over a half-century
Screech owl,Gymnoglaux lawrencii,Birds,Bird populations in east central Illinois. Fluctuations variations and development over a half-century
Screech owl,Megascops albogularis,Birds,Bird populations in east central Illinois. Fluctuations variations and development over a half-century
Screech owl,Megascops albogularis,Birds,Bird populations in east central Illinois. Fluctuations variations and development over a half-century
Screech owl,Megascops asio,Birds,Bird populations in east central Illinois. Fluctuations variations and development over a half-century
Screech owl,Megascops asio,Birds,Bird populations in east central Illinois. Fluctuations variations and development over a half-century
Screech owl,Megascops atricapilla,Birds,Bird populations in east central Illinois. Fluctuations variations and development over a half-century
Screech owl,Megascops atricapilla,Birds,Bird populations in east central Illinois. Fluctuations variations and development over a half-century
Screech owl,Megascops barbarus,Birds,Bird populations in east central Illinois. Fluctuations variations and development over a half-century
Screech owl,Megascops barbarus,Birds,Bird populations in east central Illinois. Fluctuations variations and development over a half-century
Screech owl,Megascops centralis,Birds,Bird populations in east central Illinois. Fluctuations variations and development over a half-century
Screech owl,Megascops centralis,Birds,Bird populations in east central Illinois. Fluctuations variations and development over a half-century
Screech owl,Megascops choliba,Birds,Bird populations in east central Illinois. Fluctuations variations and development over a half-century
Screech owl,Megascops choliba,Birds,Bird populations in east central Illinois. Fluctuations variations and development over a half-century
Screech owl,Megascops clarkii,Birds,Bird populations in east central Illinois. Fluctuations variations and development over a half-century
Screech owl,Megascops clarkii,Birds,Bird populations in east central Illinois. Fluctuations variations and development over a half-century
Screech owl,Megascops colombianus,Birds,Bird populations in east central Illinois. Fluctuations variations and development over a half-century
Screech owl,Megascops colombianus,Birds,Bird populations in east central Illinois. Fluctuations variations and development over a half-century
Screech owl,Megascops cooperi,Birds,Bird populations in east central Illinois. Fluctuations variations and development over a half-century
Screech owl,Megascops cooperi,Birds,Bird populations in east central Illinois. Fluctuations variations and development over a half-century
Screech owl,Megascops gilesi,Birds,Bird populations in east central Illinois. Fluctuations variations and development over a half-century
Screech owl,Megascops gilesi,Birds,Bird populations in east central Illinois. Fluctuations variations and development over a half-century
Screech owl,Megascops guatemalae,Birds,Bird populations in east central Illinois. Fluctuations variations and development over a half-century
Screech owl,Megascops guatemalae,Birds,Bird populations in east central Illinois. Fluctuations variations and development over a half-century
Screech owl,Megascops hoyi,Birds,Bird populations in east central Illinois. Fluctuations variations and development over a half-century
Screech owl,Megascops hoyi,Birds,Bird populations in east central Illinois. Fluctuations variations and development over a half-century
Screech owl,Megascops ingens,Birds,Bird populations in east central Illinois. Fluctuations variations and development over a half-century
Screech owl,Megascops ingens,Birds,Bird populations in east central Illinois. Fluctuations variations and development over a half-century
Screech owl,Megascops kennicottii,Birds,Bird populations in east central Illinois. Fluctuations variations and development over a half-century
Screech owl,Megascops kennicottii,Birds,Bird populations in east central Illinois. Fluctuations variations and development over a half-century
Screech owl,Megascops koepckeae,Birds,Bird populations in east central Illinois. Fluctuations variations and development over a half-century
Screech owl,Megascops koepckeae,Birds,Bird populations in east central Illinois. Fluctuations variations and development over a half-century
Screech owl,Megascops marshalli,Birds,Bird populations in east central Illinois. Fluctuations variations and development over a half-century
Screech owl,Megascops marshalli,Birds,Bird populations in east central Illinois. Fluctuations variations and development over a half-century
Screech owl,Megascops nudipes,Birds,Bird populations in east central Illinois. Fluctuations variations and development over a half-century
Screech owl,Megascops nudipes,Birds,Bird populations in east central Illinois. Fluctuations variations and development over a half-century
Screech owl,Megascops petersoni,Birds,Bird populations in east central Illinois. Fluctuations variations and development over a half-century
Screech owl,Megascops petersoni,Birds,Bird populations in east central Illinois. Fluctuations variations and development over a half-century
Screech owl,Megascops roboratus,Birds,Bird populations in east central Illinois. Fluctuations variations and development over a half-century
Screech owl,Megascops roboratus,Birds,Bird populations in east central Illinois. Fluctuations variations and development over a half-century
Screech owl,Megascops roraimae,Birds,Bird populations in east central Illinois. Fluctuations variations and development over a half-century
Screech owl,Megascops roraimae,Birds,Bird populations in east central Illinois. Fluctuations variations and development over a half-century
Screech owl,Megascops sanctaecatarinae,Birds,Bird populations in east central Illinois. Fluctuations variations and development over a half-century
Screech owl,Megascops sanctaecatarinae,Birds,Bird populations in east central Illinois. Fluctuations variations and development over a half-century
Screech owl,Megascops seductus,Birds,Bird populations in east central Illinois. Fluctuations variations and development over a half-century
Screech owl,Megascops seductus,Birds,Bird populations in east central Illinois. Fluctuations variations and development over a half-century
Screech owl,Megascops trichopsis,Birds,Bird populations in east central Illinois. Fluctuations variations and development over a half-century
Screech owl,Megascops trichopsis,Birds,Bird populations in east central Illinois. Fluctuations variations and development over a half-century
Screech owl,Megascops vermiculatus,Birds,Bird populations in east central Illinois. Fluctuations variations and development over a half-century
Screech owl,Megascops vermiculatus,Birds,Bird populations in east central Illinois. Fluctuations variations and development over a half-century
Screech owl,Megascops watsonii,Birds,Bird populations in east central Illinois. Fluctuations variations and development over a half-century
Screech owl,Megascops watsonii,Birds,Bird populations in east central Illinois. Fluctuations variations and development over a half-century
Screech owl,Otus albogularis,Birds,Bird populations in east central Illinois. Fluctuations variations and development over a half-century
Screech owl,Otus albogularis,Birds,Bird populations in east central Illinois. Fluctuations variations and development over a half-century
Screech owl,Otus asio,Birds,Bird populations in east central Illinois. Fluctuations variations and development over a half-century
Screech owl,Otus asio,Birds,Bird populations in east central Illinois. Fluctuations variations and development over a half-century
Screech owl,Otus atricapilla,Birds,Bird populations in east central Illinois. Fluctuations variations and development over a half-century
Screech owl,Otus atricapilla,Birds,Bird populations in east central Illinois. Fluctuations variations and development over a half-century
Screech owl,Otus barbarus,Birds,Bird populations in east central Illinois. Fluctuations variations and development over a half-century
Screech owl,Otus barbarus,Birds,Bird populations in east central Illinois. Fluctuations variations and development over a half-century
Screech owl,Otus choliba,Birds,Bird populations in east central Illinois. Fluctuations variations and development over a half-century
Screech owl,Otus choliba,Birds,Bird populations in east central Illinois. Fluctuations variations and development over a half-century
Screech owl,Otus clarkii,Birds,Bird populations in east central Illinois. Fluctuations variations and development over a half-century
Screech owl,Otus clarkii,Birds,Bird populations in east central Illinois. Fluctuations variations and development over a half-century
Screech owl,Otus colombianus,Birds,Bird populations in east central Illinois. Fluctuations variations and development over a half-century
Screech owl,Otus colombianus,Birds,Bird populations in east central Illinois. Fluctuations variations and development over a half-century
Screech owl,Otus cooperi,Birds,Bird populations in east central Illinois. Fluctuations variations and development over a half-century
Screech owl,Otus cooperi,Birds,Bird populations in east central Illinois. Fluctuations variations and development over a half-century
Screech owl,Otus guatemalae,Birds,Bird populations in east central Illinois. Fluctuations variations and development over a half-century
Screech owl,Otus guatemalae,Birds,Bird populations in east central Illinois. Fluctuations variations and development over a half-century
Screech owl,Otus hoyi,Birds,Bird populations in east central Illinois. Fluctuations variations and development over a half-century
Screech owl,Otus hoyi,Birds,Bird populations in east central Illinois. Fluctuations variations and development over a half-century
Screech owl,Otus ingens,Birds,Bird populations in east central Illinois. Fluctuations variations and development over a half-century
Screech owl,Otus ingens,Birds,Bird populations in east central Illinois. Fluctuations variations and development over a half-century
Screech owl,Otus kennicottii,Birds,Bird populations in east central Illinois. Fluctuations variations and development over a half-century
Screech owl,Otus kennicottii,Birds,Bird populations in east central Illinois. Fluctuations variations and development over a half-century
Screech owl,Otus koepckeae,Birds,Bird populations in east central Illinois. Fluctuations variations and development over a half-century
Screech owl,Otus koepckeae,Birds,Bird populations in east central Illinois. Fluctuations variations and development over a half-century
Screech owl,Otus marshalli,Birds,Bird populations in east central Illinois. Fluctuations variations and development over a half-century
Screech owl,Otus marshalli,Birds,Bird populations in east central Illinois. Fluctuations variations and development over a half-century
Screech owl,Otus nudipes,Birds,Bird populations in east central Illinois. Fluctuations variations and development over a half-century
Screech owl,Otus nudipes,Birds,Bird populations in east central Illinois. Fluctuations variations and development over a half-century
Screech owl,Otus petersoni,Birds,Bird populations in east central Illinois. Fluctuations variations and development over a half-century
Screech owl,Otus petersoni,Birds,Bird populations in east central Illinois. Fluctuations variations and development over a half-century
Screech owl,Otus roboratus,Birds,Bird populations in east central Illinois. Fluctuations variations and development over a half-century
Screech owl,Otus roboratus,Birds,Bird populations in east central Illinois. Fluctuations variations and development over a half-century
Screech owl,Otus seductus,Birds,Bird populations in east central Illinois. Fluctuations variations and development over a half-century
Screech owl,Otus seductus,Birds,Bird populations in east central Illinois. Fluctuations variations and development over a half-century
Screech owl,Otus trichopsis,Birds,Bird populations in east central Illinois. Fluctuations variations and development over a half-century
Screech owl,Otus trichopsis,Birds,Bird populations in east central Illinois. Fluctuations variations and development over a half-century
Screech owl,Otus vermiculatus,Birds,Bird populations in east central Illinois. Fluctuations variations and development over a half-century
Screech owl,Otus vermiculatus,Birds,Bird populations in east central Illinois. Fluctuations variations and development over a half-century
Screech owl,Otus watsonii,Birds,Bird populations in east central Illinois. Fluctuations variations and development over a half-century
Screech owl,Otus watsonii,Birds,Bird populations in east central Illinois. Fluctuations variations and development over a half-century
Sooty albatross,Phoebetria fusca,Birds,Data collected aboard cruises off the coast of the Western Antarctic Penninsula
Sooty albatross,Phoebetria palpebrata,Birds,Data collected aboard cruises off the coast of the Western Antarctic Penninsula
Starling,Allopauropus carolinensis,Birds,Bird populations in east central Illinois. Fluctuations variations and development over a half-century
Starling,Allopauropus carolinensis,Birds,Bird populations in east central Illinois. Fluctuations variations and development over a half-century
Starling,Allopauropus carolinensis,Birds,Bird populations in east central Illinois. Fluctuations variations and development over a half-century
Starling,Allopauropus causeyae,Birds,Bird populations in east central Illinois. Fluctuations variations and development over a half-century
Starling,Allopauropus causeyae,Birds,Bird populations in east central Illinois. Fluctuations variations and development over a half-century
Starling,Allopauropus causeyae,Birds,Bird populations in east central Illinois. Fluctuations variations and development over a half-century
Starling,Aplonis atrifusca,Birds,Bird populations in east central Illinois. Fluctuations variations and development over a half-century
Starling,Aplonis atrifusca,Birds,Bird populations in east central Illinois. Fluctuations variations and development over a half-century
Starling,Aplonis atrifusca,Birds,Bird populations in east central Illinois. Fluctuations variations and development over a half-century
Starling,Aplonis cantoroides,Birds,Bird populations in east central Illinois. Fluctuations variations and development over a half-century
Starling,Aplonis cantoroides,Birds,Bird populations in east central Illinois. Fluctuations variations and development over a half-century
Starling,Aplonis cantoroides,Birds,Bird populations in east central Illinois. Fluctuations variations and development over a half-century
Starling,Aplonis cinerascens,Birds,Bird populations in east central Illinois. Fluctuations variations and development over a half-century
Starling,Aplonis cinerascens,Birds,Bird populations in east central Illinois. Fluctuations variations and development over a half-century
Starling,Aplonis cinerascens,Birds,Bird populations in east central Illinois. Fluctuations variations and development over a half-century
Starling,Aplonis corvina,Birds,Bird populations in east central Illinois. Fluctuations variations and development over a half-century
Starling,Aplonis corvina,Birds,Bird populations in east central Illinois. Fluctuations variations and development over a half-century
Starling,Aplonis corvina,Birds,Bird populations in east central Illinois. Fluctuations variations and development over a half-century
Starling,Aplonis fusca,Birds,Bird populations in east central Illinois. Fluctuations variations and development over a half-century
Starling,Aplonis fusca,Birds,Bird populations in east central Illinois. Fluctuations variations and development over a half-century
Starling,Aplonis fusca,Birds,Bird populations in east central Illinois. Fluctuations variations and development over a half-century
Starling,Aplonis mavornata,Birds,Bird populations in east central Illinois. Fluctuations variations and development over a half-century
Starling,Aplonis mavornata,Birds,Bird populations in east central Illinois. Fluctuations variations and development over a half-century
Starling,Aplonis mavornata,Birds,Bird populations in east central Illinois. Fluctuations variations and development over a half-century
Starling,Aplonis minor,Birds,Bird populations in east central Illinois. Fluctuations variations and development over a half-century
Starling,Aplonis minor,Birds,Bird populations in east central Illinois. Fluctuations variations and development over a half-century
Starling,Aplonis minor,Birds,Bird populations in east central Illinois. Fluctuations variations and development over a half-century
Starling,Aplonis mystacea,Birds,Bird populations in east central Illinois. Fluctuations variations and development over a half-century
Starling,Aplonis mystacea,Birds,Bird populations in east central Illinois. Fluctuations variations and development over a half-century
Starling,Aplonis mystacea,Birds,Bird populations in east central Illinois. Fluctuations variations and development over a half-century
Starling,Aplonis panayensis,Birds,Bird populations in east central Illinois. Fluctuations variations and development over a half-century
Starling,Aplonis panayensis,Birds,Bird populations in east central Illinois. Fluctuations variations and development over a half-century
Starling,Aplonis panayensis,Birds,Bird populations in east central Illinois. Fluctuations variations and development over a half-century
Starling,Aplonis pelzelni,Birds,Bird populations in east central Illinois. Fluctuations variations and development over a half-century
Starling,Aplonis pelzelni,Birds,Bird populations in east central Illinois. Fluctuations variations and development over a half-century
Starling,Aplonis pelzelni,Birds,Bird populations in east central Illinois. Fluctuations variations and development over a half-century
Starling,Aplonis santovestris,Birds,Bird populations in east central Illinois. Fluctuations variations and development over a half-century
Starling,Aplonis santovestris,Birds,Bird populations in east central Illinois. Fluctuations variations and development over a half-century
Starling,Aplonis santovestris,Birds,Bird populations in east central Illinois. Fluctuations variations and development over a half-century
Starling,Aplonis striata,Birds,Bird populations in east central Illinois. Fluctuations variations and development over a half-century
Starling,Aplonis striata,Birds,Bird populations in east central Illinois. Fluctuations variations and development over a half-century
Starling,Aplonis striata,Birds,Bird populations in east central Illinois. Fluctuations variations and development over a half-century
Starling,Brachypauropus pearsei,Birds,Bird populations in east central Illinois. Fluctuations variations and development over a half-century
Starling,Brachypauropus pearsei,Birds,Bird populations in east central Illinois. Fluctuations variations and development over a half-century
Starling,Brachypauropus pearsei,Birds,Bird populations in east central Illinois. Fluctuations variations and development over a half-century
Starling,Creatophora cinerea,Birds,Bird populations in east central Illinois. Fluctuations variations and development over a half-century
Starling,Creatophora cinerea,Birds,Bird populations in east central Illinois. Fluctuations variations and development over a half-century
Starling,Creatophora cinerea,Birds,Bird populations in east central Illinois. Fluctuations variations and development over a half-century
Starling,Desmopauropus dukensis,Birds,Bird populations in east central Illinois. Fluctuations variations and development over a half-century
Starling,Desmopauropus dukensis,Birds,Bird populations in east central Illinois. Fluctuations variations and development over a half-century
Starling,Desmopauropus dukensis,Birds,Bird populations in east central Illinois. Fluctuations variations and development over a half-century
Starling,Enodes erythrophris,Birds,Bird populations in east central Illinois. Fluctuations variations and development over a half-century
Starling,Enodes erythrophris,Birds,Bird populations in east central Illinois. Fluctuations variations and development over a half-century
Starling,Enodes erythrophris,Birds,Bird populations in east central Illinois. Fluctuations variations and development over a half-century
Starling,Fregilupus varius,Birds,Bird populations in east central Illinois. Fluctuations variations and development over a half-century
Starling,Fregilupus varius,Birds,Bird populations in east central Illinois. Fluctuations variations and development over a half-century
Starling,Fregilupus varius,Birds,Bird populations in east central Illinois. Fluctuations variations and development over a half-century
Starling,Lamprotornis acuticaudus,Birds,Bird populations in east central Illinois. Fluctuations variations and development over a half-century
Starling,Lamprotornis acuticaudus,Birds,Bird populations in east central Illinois. Fluctuations variations and development over a half-century
Starling,Lamprotornis acuticaudus,Birds,Bird populations in east central Illinois. Fluctuations variations and development over a half-century
Starling,Lamprotornis australis,Birds,Bird populations in east central Illinois. Fluctuations variations and development over a half-century
Starling,Lamprotornis australis,Birds,Bird populations in east central Illinois. Fluctuations variations and development over a half-century
Starling,Lamprotornis australis,Birds,Bird populations in east central Illinois. Fluctuations variations and development over a half-century
Starling,Lamprotornis caudatus,Birds,Bird populations in east central Illinois. Fluctuations variations and development over a half-century
Starling,Lamprotornis caudatus,Birds,Bird populations in east central Illinois. Fluctuations variations and development over a half-century
Starling,Lamprotornis caudatus,Birds,Bird populations in east central Illinois. Fluctuations variations and development over a half-century
Starling,Lamprotornis chalcurus,Birds,Bird populations in east central Illinois. Fluctuations variations and development over a half-century
Starling,Lamprotornis chalcurus,Birds,Bird populations in east central Illinois. Fluctuations variations and development over a half-century
Starling,Lamprotornis chalcurus,Birds,Bird populations in east central Illinois. Fluctuations variations and development over a half-century
Starling,Lamprotornis chalybaeus,Birds,Bird populations in east central Illinois. Fluctuations variations and development over a half-century
Starling,Lamprotornis chalybaeus,Birds,Bird populations in east central Illinois. Fluctuations variations and development over a half-century
Starling,Lamprotornis chalybaeus,Birds,Bird populations in east central Illinois. Fluctuations variations and development over a half-century
Starling,Lamprotornis chloropterus,Birds,Bird populations in east central Illinois. Fluctuations variations and development over a half-century
Starling,Lamprotornis chloropterus,Birds,Bird populations in east central Illinois. Fluctuations variations and development over a half-century
Starling,Lamprotornis chloropterus,Birds,Bird populations in east central Illinois. Fluctuations variations and development over a half-century
Starling,Lamprotornis corruscus,Birds,Bird populations in east central Illinois. Fluctuations variations and development over a half-century
Starling,Lamprotornis corruscus,Birds,Bird populations in east central Illinois. Fluctuations variations and development over a half-century
Starling,Lamprotornis corruscus,Birds,Bird populations in east central Illinois. Fluctuations variations and development over a half-century
Starling,Lamprotornis iris,Birds,Bird populations in east central Illinois. Fluctuations variations and development over a half-century
Starling,Lamprotornis iris,Birds,Bird populations in east central Illinois. Fluctuations variations and development over a half-century
Starling,Lamprotornis iris,Birds,Bird populations in east central Illinois. Fluctuations variations and development over a half-century
Starling,Lamprotornis mevesii,Birds,Bird populations in east central Illinois. Fluctuations variations and development over a half-century
Starling,Lamprotornis mevesii,Birds,Bird populations in east central Illinois. Fluctuations variations and development over a half-century
Starling,Lamprotornis mevesii,Birds,Bird populations in east central Illinois. Fluctuations variations and development over a half-century
Starling,Lamprotornis nitens,Birds,Bird populations in east central Illinois. Fluctuations variations and development over a half-century
Starling,Lamprotornis nitens,Birds,Bird populations in east central Illinois. Fluctuations variations and development over a half-century
Starling,Lamprotornis nitens,Birds,Bird populations in east central Illinois. Fluctuations variations and development over a half-century
Starling,Lamprotornis ornatus,Birds,Bird populations in east central Illinois. Fluctuations variations and development over a half-century
Starling,Lamprotornis ornatus,Birds,Bird populations in east central Illinois. Fluctuations variations and development over a half-century
Starling,Lamprotornis ornatus,Birds,Bird populations in east central Illinois. Fluctuations variations and development over a half-century
Starling,Lamprotornis purpureus,Birds,Bird populations in east central Illinois. Fluctuations variations and development over a half-century
Starling,Lamprotornis purpureus,Birds,Bird populations in east central Illinois. Fluctuations variations and development over a half-century
Starling,Lamprotornis purpureus,Birds,Bird populations in east central Illinois. Fluctuations variations and development over a half-century
Starling,Lamprotornis purpuroptera,Birds,Bird populations in east central Illinois. Fluctuations variations and development over a half-century
Starling,Lamprotornis purpuroptera,Birds,Bird populations in east central Illinois. Fluctuations variations and development over a half-century
Starling,Lamprotornis purpuroptera,Birds,Bird populations in east central Illinois. Fluctuations variations and development over a half-century
Starling,Lamprotornis regius,Birds,Bird populations in east central Illinois. Fluctuations variations and development over a half-century
Starling,Lamprotornis regius,Birds,Bird populations in east central Illinois. Fluctuations variations and development over a half-century
Starling,Lamprotornis regius,Birds,Bird populations in east central Illinois. Fluctuations variations and development over a half-century
Starling,Lamprotornis splendidus,Birds,Bird populations in east central Illinois. Fluctuations variations and development over a half-century
Starling,Lamprotornis splendidus,Birds,Bird populations in east central Illinois. Fluctuations variations and development over a half-century
Starling,Lamprotornis splendidus,Birds,Bird populations in east central Illinois. Fluctuations variations and development over a half-century
Starling,Necropsar rodericanus,Birds,Bird populations in east central Illinois. Fluctuations variations and development over a half-century
Starling,Necropsar rodericanus,Birds,Bird populations in east central Illinois. Fluctuations variations and development over a half-century
Starling,Necropsar rodericanus,Birds,Bird populations in east central Illinois. Fluctuations variations and development over a half-century
Starling,Neocichla gutturalis,Birds,Bird populations in east central Illinois. Fluctuations variations and development over a half-century
Starling,Neocichla gutturalis,Birds,Bird populations in east central Illinois. Fluctuations variations and development over a half-century
Starling,Neocichla gutturalis,Birds,Bird populations in east central Illinois. Fluctuations variations and development over a half-century
Starling,Onychognathus fulgidus,Birds,Bird populations in east central Illinois. Fluctuations variations and development over a half-century
Starling,Onychognathus fulgidus,Birds,Bird populations in east central Illinois. Fluctuations variations and development over a half-century
Starling,Onychognathus fulgidus,Birds,Bird populations in east central Illinois. Fluctuations variations and development over a half-century
Starling,Onychognathus tenuirostris,Birds,Bird populations in east central Illinois. Fluctuations variations and development over a half-century
Starling,Onychognathus tenuirostris,Birds,Bird populations in east central Illinois. Fluctuations variations and development over a half-century
Starling,Onychognathus tenuirostris,Birds,Bird populations in east central Illinois. Fluctuations variations and development over a half-century
Starling,Onychognathus walleri,Birds,Bird populations in east central Illinois. Fluctuations variations and development over a half-century
Starling,Onychognathus walleri,Birds,Bird populations in east central Illinois. Fluctuations variations and development over a half-century
Starling,Onychognathus walleri,Birds,Bird populations in east central Illinois. Fluctuations variations and development over a half-century
Starling,Poeoptera stuhlmanni,Birds,Bird populations in east central Illinois. Fluctuations variations and development over a half-century
Starling,Poeoptera stuhlmanni,Birds,Bird populations in east central Illinois. Fluctuations variations and development over a half-century
Starling,Poeoptera stuhlmanni,Birds,Bird populations in east central Illinois. Fluctuations variations and development over a half-century
Starling,Speculipastor bicolor,Birds,Bird populations in east central Illinois. Fluctuations variations and development over a half-century
Starling,Speculipastor bicolor,Birds,Bird populations in east central Illinois. Fluctuations variations and development over a half-century
Starling,Speculipastor bicolor,Birds,Bird populations in east central Illinois. Fluctuations variations and development over a half-century
Starling,Sturnia blythii,Birds,Bird populations in east central Illinois. Fluctuations variations and development over a half-century
Starling,Sturnia blythii,Birds,Bird populations in east central Illinois. Fluctuations variations and development over a half-century
Starling,Sturnia blythii,Birds,Bird populations in east central Illinois. Fluctuations variations and development over a half-century
Starling,Sturnia pagodarum,Birds,Bird populations in east central Illinois. Fluctuations variations and development over a half-century
Starling,Sturnia pagodarum,Birds,Bird populations in east central Illinois. Fluctuations variations and development over a half-century
Starling,Sturnia pagodarum,Birds,Bird populations in east central Illinois. Fluctuations variations and development over a half-century
Starling,Sturnus nigricollis,Birds,Bird populations in east central Illinois. Fluctuations variations and development over a half-century
Starling,Sturnus nigricollis,Birds,Bird populations in east central Illinois. Fluctuations variations and development over a half-century
Starling,Sturnus nigricollis,Birds,Bird populations in east central Illinois. Fluctuations variations and development over a half-century
Starling,Sturnus roseus,Birds,Bird populations in east central Illinois. Fluctuations variations and development over a half-century
Starling,Sturnus roseus,Birds,Bird populations in east central Illinois. Fluctuations variations and development over a half-century
Starling,Sturnus roseus,Birds,Bird populations in east central Illinois. Fluctuations variations and development over a half-century
Starling,Sturnus vulgaris,Birds,Bird populations in east central Illinois. Fluctuations variations and development over a half-century
Starling,Sturnus vulgaris,Birds,Bird populations in east central Illinois. Fluctuations variations and development over a half-century
Starling,Sturnus vulgaris,Birds,Bird populations in east central Illinois. Fluctuations variations and development over a half-century
Tree sparrow,Passer montanus,Birds,Bird populations in east central Illinois. Fluctuations variations and development over a half-century
Tree sparrow,Passer rutilans,Birds,Bird populations in east central Illinois. Fluctuations variations and development over a half-century
Tree sparrow,Spizella arborea,Birds,Bird populations in east central Illinois. Fluctuations variations and development over a half-century
Tree sparrow,Spizelloides arborea,Birds,Bird populations in east central Illinois. Fluctuations variations and development over a half-century
Tufted titmouse,Baeolophus bicolor,Birds,Bird populations in east central Illinois. Fluctuations variations and development over a half-century
Tufted titmouse,Baeolophus bicolor,Birds,Bird populations in east central Illinois. Fluctuations variations and development over a half-century
Tufted titmouse,Baeolophus bicolor,Birds,Bird populations in east central Illinois. Fluctuations variations and development over a half-century
Tufted titmouse,Baeolophus bicolor,Birds,Bird populations in east central Illinois. Fluctuations variations and development over a half-century
Tufted titmouse,Parus bicolor,Birds,Bird populations in east central Illinois. Fluctuations variations and development over a half-century
Tufted titmouse,Parus bicolor,Birds,Bird populations in east central Illinois. Fluctuations variations and development over a half-century
Tufted titmouse,Parus bicolor,Birds,Bird populations in east central Illinois. Fluctuations variations and development over a half-century
Tufted titmouse,Parus bicolor,Birds,Bird populations in east central Illinois. Fluctuations variations and development over a half-century
Wandering albatross,Diomedea exulans,Birds,Data collected aboard cruises off the coast of the Western Antarctic Penninsula
Wandering albatross,Diomedea gibsoni,Birds,Data collected aboard cruises off the coast of the Western Antarctic Penninsula
Whip-poor-will,Antrostomus arizonae,Birds,Bird populations in east central Illinois. Fluctuations variations and development over a half-century
Whip-poor-will,Antrostomus arizonae,Birds,Bird populations in east central Illinois. Fluctuations variations and development over a half-century
Whip-poor-will,Antrostomus vociferus,Birds,Bird populations in east central Illinois. Fluctuations variations and development over a half-century
Whip-poor-will,Antrostomus vociferus,Birds,Bird populations in east central Illinois. Fluctuations variations and development over a half-century
Whip-poor-will,Caprimulgus vociferus,Birds,Bird populations in east central Illinois. Fluctuations variations and development over a half-century
Whip-poor-will,Caprimulgus vociferus,Birds,Bird populations in east central Illinois. Fluctuations variations and development over a half-century
Whip-poor-will,Trillium cernuum,Birds,Bird populations in east central Illinois. Fluctuations variations and development over a half-century
Whip-poor-will,Trillium cernuum,Birds,Bird populations in east central Illinois. Fluctuations variations and development over a half-century
Wilson,Acianthera wilsonii,Birds,Data collected aboard cruises off the coast of the Western Antarctic Penninsula
Wilson,Adiantum wilsonii,Birds,Data collected aboard cruises off the coast of the Western Antarctic Penninsula
Wilson,Astragalus lentiginosus,Birds,Data collected aboard cruises off the coast of the Western Antarctic Penninsula
Wilson,Berberis wilsoniae,Birds,Data collected aboard cruises off the coast of the Western Antarctic Penninsula
Wilson,Bomolochus nothrus,Birds,Data collected aboard cruises off the coast of the Western Antarctic Penninsula
Wilson,Branchiaster simplex,Birds,Data collected aboard cruises off the coast of the Western Antarctic Penninsula
Wilson,Cardellina pusilla,Birds,Data collected aboard cruises off the coast of the Western Antarctic Penninsula
Wilson,Chaenodraco wilsoni,Birds,Data collected aboard cruises off the coast of the Western Antarctic Penninsula
Wilson,Charadrius wilsonia,Birds,Data collected aboard cruises off the coast of the Western Antarctic Penninsula
Wilson,Chondrohierax uncinatus,Birds,Data collected aboard cruises off the coast of the Western Antarctic Penninsula
Wilson,Cicinnurus respublica,Birds,Data collected aboard cruises off the coast of the Western Antarctic Penninsula
Wilson,Cypridina parasitica,Birds,Data collected aboard cruises off the coast of the Western Antarctic Penninsula
Wilson,Diaptomus clavipoides,Birds,Data collected aboard cruises off the coast of the Western Antarctic Penninsula
Wilson,Diaptomus hirsutus,Birds,Data collected aboard cruises off the coast of the Western Antarctic Penninsula
Wilson,Diaptomus schefferi,Birds,Data collected aboard cruises off the coast of the Western Antarctic Penninsula
Wilson,Dioclea wilsonii,Birds,Data collected aboard cruises off the coast of the Western Antarctic Penninsula
Wilson,Diphyllodes respublica,Birds,Data collected aboard cruises off the coast of the Western Antarctic Penninsula
Wilson,Gallinago delicata,Birds,Data collected aboard cruises off the coast of the Western Antarctic Penninsula
Wilson,Heteroclinus wilsoni,Birds,Data collected aboard cruises off the coast of the Western Antarctic Penninsula
Wilson,Homalia falcifolia,Birds,Data collected aboard cruises off the coast of the Western Antarctic Penninsula
Wilson,Homalia oblongifolia,Birds,Data collected aboard cruises off the coast of the Western Antarctic Penninsula
Wilson,Huperzia wilsonii,Birds,Data collected aboard cruises off the coast of the Western Antarctic Penninsula
Wilson,Hymenophyllum wilsonii,Birds,Data collected aboard cruises off the coast of the Western Antarctic Penninsula
Wilson,Impatiens cribbii,Birds,Data collected aboard cruises off the coast of the Western Antarctic Penninsula
Wilson,Iris wilsonii,Birds,Data collected aboard cruises off the coast of the Western Antarctic Penninsula
Wilson,Jereicopsis fruticosa,Birds,Data collected aboard cruises off the coast of the Western Antarctic Penninsula
Wilson,Leucochrysum graminifolium,Birds,Data collected aboard cruises off the coast of the Western Antarctic Penninsula
Wilson,Lipomera curvintestina,Birds,Data collected aboard cruises off the coast of the Western Antarctic Penninsula
Wilson,Lonicera nitida,Birds,Data collected aboard cruises off the coast of the Western Antarctic Penninsula
Wilson,Maireana integra,Birds,Data collected aboard cruises off the coast of the Western Antarctic Penninsula
Wilson,Maireana radiata,Birds,Data collected aboard cruises off the coast of the Western Antarctic Penninsula
Wilson,Maireana rohrlachii,Birds,Data collected aboard cruises off the coast of the Western Antarctic Penninsula
Wilson,Meconopsis lijiangensis,Birds,Data collected aboard cruises off the coast of the Western Antarctic Penninsula
Wilson,Myriopholis wilsoni,Birds,Data collected aboard cruises off the coast of the Western Antarctic Penninsula
Wilson,Neophyllis melacarpa,Birds,Data collected aboard cruises off the coast of the Western Antarctic Penninsula
Wilson,Oceanites oceanicus,Birds,Data collected aboard cruises off the coast of the Western Antarctic Penninsula
Wilson,Parapetalus occidentalus,Birds,Data collected aboard cruises off the coast of the Western Antarctic Penninsula
Wilson,Phalaropus tricolor,Birds,Data collected aboard cruises off the coast of the Western Antarctic Penninsula
Wilson,Phlegmariurus wilsonii,Birds,Data collected aboard cruises off the coast of the Western Antarctic Penninsula
Wilson,Picea wilsonii,Birds,Data collected aboard cruises off the coast of the Western Antarctic Penninsula
Wilson,Populus wilsonii,Birds,Data collected aboard cruises off the coast of the Western Antarctic Penninsula
Wilson,Pottia wilsonii,Birds,Data collected aboard cruises off the coast of the Western Antarctic Penninsula
Wilson,Rhynchostegiella pumila,Birds,Data collected aboard cruises off the coast of the Western Antarctic Penninsula
Wilson,Sipanea wilson,Birds,Data collected aboard cruises off the coast of the Western Antarctic Penninsula
Wilson,Strigula wilsonii,Birds,Data collected aboard cruises off the coast of the Western Antarctic Penninsula
Wilson,Velia paulianeae,Birds,Data collected aboard cruises off the coast of the Western Antarctic Penninsula
Wilson,Vidua wilsoni,Birds,Data collected aboard cruises off the coast of the Western Antarctic Penninsula
Winter wren,Troglodytes hiemalis,Birds,Bird community dynamics in a temperate deciduous forest Long-term trends at Hubbard Brook
Winter wren,Troglodytes hiemalis,Birds,Bird populations in east central Illinois. Fluctuations variations and development over a half-century
Winter wren,Troglodytes troglodytes,Birds,Bird community dynamics in a temperate deciduous forest Long-term trends at Hubbard Brook
Winter wren,Troglodytes troglodytes,Birds,Bird populations in east central Illinois. Fluctuations variations and development over a half-century
Wood duck,Aix sponsa,Birds,Bird populations in east central Illinois. Fluctuations variations and development over a half-century
Wood duck,Asarcornis scutulata,Birds,Bird populations in east central Illinois. Fluctuations variations and development over a half-century
Wood duck,Cairina scutulata,Birds,Bird populations in east central Illinois. Fluctuations variations and development over a half-century
Wood duck,Chenonetta jubata,Birds,Bird populations in east central Illinois. Fluctuations variations and development over a half-century
Wood duck,Dendrocygna arborea,Birds,Bird populations in east central Illinois. Fluctuations variations and development over a half-century
Yellow Warbler,Calamonastides gracilirostris,Birds,Bird populations in east central Illinois. Fluctuations variations and development over a half-century
Yellow Warbler,Chloropeta gracilirostris,Birds,Bird populations in east central Illinois. Fluctuations variations and development over a half-century
Yellow Warbler,Dendroica petechia,Birds,Bird populations in east central Illinois. Fluctuations variations and development over a half-century
Yellow Warbler,Iduna natalensis,Birds,Bird populations in east central Illinois. Fluctuations variations and development over a half-century
Yellow Warbler,Iduna similis,Birds,Bird populations in east central Illinois. Fluctuations variations and development over a half-century
Yellow Warbler,Persea borbonia,Birds,Bird populations in east central Illinois. Fluctuations variations and development over a half-century
Yellow Warbler,Setophaga aestiva,Birds,Bird populations in east central Illinois. Fluctuations variations and development over a half-century
Yellow Warbler,Setophaga petechia,Birds,Bird populations in east central Illinois. Fluctuations variations and development over a half-century
Yellow-throated Warbler,Acer rubrum,Birds,Bird community dynamics in a temperate deciduous forest Long-term trends at Hubbard Brook
Yellow-throated Warbler,Acer rubrum,Birds,Bird populations in east central Illinois. Fluctuations variations and development over a half-century
Yellow-throated Warbler,Phylloscopus ruficapilla,Birds,Bird community dynamics in a temperate deciduous forest Long-term trends at Hubbard Brook
Yellow-throated Warbler,Phylloscopus ruficapilla,Birds,Bird populations in east central Illinois. Fluctuations variations and development over a half-century
Yellow-throated Warbler,Setophaga dominica,Birds,Bird community dynamics in a temperate deciduous forest Long-term trends at Hubbard Brook
Yellow-throated Warbler,Setophaga dominica,Birds,Bird populations in east central Illinois. Fluctuations variations and development over a half-century
