OrigName,FoundName,Selection,TAXA,TITLE
Aberts Towhee,Melozone aberti,1,Birds,Transect bird survey with data synthesis from multiple transects in the central Arizona-Phoenix area period 1998 to 2000
Aberts Towhee,Pipilo aberti,0,Birds,Transect bird survey with data synthesis from multiple transects in the central Arizona-Phoenix area period 1998 to 2000
American Goldfinch,Carduelis tristis,0,Birds,Transect bird survey with data synthesis from multiple transects in the central Arizona-Phoenix area period 1998 to 2000
American Goldfinch,Carduelis tristis,0,Birds,Bird populations in east central Illinois. Fluctuations variations and development over a half-century
American Goldfinch,Spinus tristis,1,Birds,Transect bird survey with data synthesis from multiple transects in the central Arizona-Phoenix area period 1998 to 2000
American Goldfinch,Spinus tristis,1,Birds,Bird populations in east central Illinois. Fluctuations variations and development over a half-century
American Wigeon,Anas americana,1,Birds,Transect bird survey with data synthesis from multiple transects in the central Arizona-Phoenix area period 1998 to 2000
American Wigeon,Mareca americana,0,Birds,Transect bird survey with data synthesis from multiple transects in the central Arizona-Phoenix area period 1998 to 2000
Antarctic fur-seal,Arctocephalus gazella,1,Birds,Data collected aboard cruises off the coast of the Western Antarctic Penninsula
Antarctic fur-seal,Arctocephalus tropicalis,0,Birds,Data collected aboard cruises off the coast of the Western Antarctic Penninsula
Barred owl,Pulsatrix melanota,0,Birds,Bird populations in east central Illinois. Fluctuations variations and development over a half-century
Barred owl,Strix hylophila,0,Birds,Bird populations in east central Illinois. Fluctuations variations and development over a half-century
Barred owl,Strix varia,1,Birds,Bird populations in east central Illinois. Fluctuations variations and development over a half-century
Bewicks Wren,Thryomanes bewickii,1,Birds,Transect bird survey with data synthesis from multiple transects in the central Arizona-Phoenix area period 1998 to 2000
Bewicks Wren,Thyromanes bewickii,0,Birds,Transect bird survey with data synthesis from multiple transects in the central Arizona-Phoenix area period 1998 to 2000
Black-Browed albatross,Thalassarche melanophris,1,Birds,Data collected aboard cruises off the coast of the Western Antarctic Penninsula
Black-Browed albatross,Thalassarche melanophrys,0,Birds,Data collected aboard cruises off the coast of the Western Antarctic Penninsula
Black-capped chickadee,Parus atricapillus,0,Birds,Bird community dynamics in a temperate deciduous forest Long-term trends at Hubbard Brook
Black-capped chickadee,Parus atricapillus,0,Birds,Bird populations in east central Illinois. Fluctuations variations and development over a half-century
Black-capped chickadee,Poecile atricapillus,0,Birds,Bird community dynamics in a temperate deciduous forest Long-term trends at Hubbard Brook
Black-capped chickadee,Poecile atricapillus,1,Birds,Bird populations in east central Illinois. Fluctuations variations and development over a half-century
Blue Grosbeak,Cyanoloxia glaucocaerulea,0,Birds,Transect bird survey with data synthesis from multiple transects in the central Arizona-Phoenix area period 1998 to 2000
Blue Grosbeak,Passerina caerulea,1,Birds,Transect bird survey with data synthesis from multiple transects in the central Arizona-Phoenix area period 1998 to 2000
Bobwhite,Colinus cristatus,NA,Birds,Bird populations in east central Illinois. Fluctuations variations and development over a half-century
Bobwhite,Colinus leucopogon,NA,Birds,Bird populations in east central Illinois. Fluctuations variations and development over a half-century
Bobwhite,Colinus nigrogularis,NA,Birds,Bird populations in east central Illinois. Fluctuations variations and development over a half-century
Bobwhite,Colinus virginianus,NA,Birds,Bird populations in east central Illinois. Fluctuations variations and development over a half-century
Brown creeper,Certhia americana,0,Birds,Bird community dynamics in a temperate deciduous forest Long-term trends at Hubbard Brook
Brown creeper,Certhia americana,1,Birds,Bird populations in east central Illinois. Fluctuations variations and development over a half-century
Brown creeper,Finschia novaeseelandiae,0,Birds,Bird community dynamics in a temperate deciduous forest Long-term trends at Hubbard Brook
Brown creeper,Finschia novaeseelandiae,0,Birds,Bird populations in east central Illinois. Fluctuations variations and development over a half-century
Brown creeper,Mohoua novaeseelandiae,0,Birds,Bird community dynamics in a temperate deciduous forest Long-term trends at Hubbard Brook
Brown creeper,Mohoua novaeseelandiae,0,Birds,Bird populations in east central Illinois. Fluctuations variations and development over a half-century
Bushtit,Aegithalos bonvaloti,0,Birds,Transect bird survey with data synthesis from multiple transects in the central Arizona-Phoenix area period 1998 to 2000
Bushtit,Aegithalos caudatus,0,Birds,Transect bird survey with data synthesis from multiple transects in the central Arizona-Phoenix area period 1998 to 2000
Bushtit,Aegithalos concinnus,0,Birds,Transect bird survey with data synthesis from multiple transects in the central Arizona-Phoenix area period 1998 to 2000
Bushtit,Aegithalos exilis,0,Birds,Transect bird survey with data synthesis from multiple transects in the central Arizona-Phoenix area period 1998 to 2000
Bushtit,Aegithalos fuliginosus,0,Birds,Transect bird survey with data synthesis from multiple transects in the central Arizona-Phoenix area period 1998 to 2000
Bushtit,Aegithalos glaucogularis,0,Birds,Transect bird survey with data synthesis from multiple transects in the central Arizona-Phoenix area period 1998 to 2000
Bushtit,Aegithalos iouschistos,0,Birds,Transect bird survey with data synthesis from multiple transects in the central Arizona-Phoenix area period 1998 to 2000
Bushtit,Aegithalos leucogenys,0,Birds,Transect bird survey with data synthesis from multiple transects in the central Arizona-Phoenix area period 1998 to 2000
Bushtit,Aegithalos niveogularis,0,Birds,Transect bird survey with data synthesis from multiple transects in the central Arizona-Phoenix area period 1998 to 2000
Bushtit,Aegithalos sharpei,0,Birds,Transect bird survey with data synthesis from multiple transects in the central Arizona-Phoenix area period 1998 to 2000
Bushtit,Psaltria exilis,0,Birds,Transect bird survey with data synthesis from multiple transects in the central Arizona-Phoenix area period 1998 to 2000
Bushtit,Psaltriparus minimus,1,Birds,Transect bird survey with data synthesis from multiple transects in the central Arizona-Phoenix area period 1998 to 2000
Canyon Towhee,Melozone fusca,1,Birds,Transect bird survey with data synthesis from multiple transects in the central Arizona-Phoenix area period 1998 to 2000
Canyon Towhee,Pipilo fuscus,0,Birds,Transect bird survey with data synthesis from multiple transects in the central Arizona-Phoenix area period 1998 to 2000
Cardinal,Acalypha radians,0,Birds,Bird populations in east central Illinois. Fluctuations variations and development over a half-century
Cardinal,Aphilopota cardinalli,0,Birds,Bird populations in east central Illinois. Fluctuations variations and development over a half-century
Cardinal,Apogonichthyoides nigripinnis,0,Birds,Bird populations in east central Illinois. Fluctuations variations and development over a half-century
Cardinal,Apogonichthyoides timorensis,0,Birds,Bird populations in east central Illinois. Fluctuations variations and development over a half-century
Cardinal,Cardinalis cardinalis,1,Birds,Bird populations in east central Illinois. Fluctuations variations and development over a half-century
Cardinal,Cardinalis phoeniceus,0,Birds,Bird populations in east central Illinois. Fluctuations variations and development over a half-century
Cardinal,Chalcopsitta cardinalis,0,Birds,Bird populations in east central Illinois. Fluctuations variations and development over a half-century
Cardinal,Cheilodipterus arabicus,0,Birds,Bird populations in east central Illinois. Fluctuations variations and development over a half-century
Cardinal,Conus cardinalis,0,Birds,Bird populations in east central Illinois. Fluctuations variations and development over a half-century
Cardinal,Dasychira cardinalli,0,Birds,Bird populations in east central Illinois. Fluctuations variations and development over a half-century
Cardinal,Ipomoea multifida,0,Birds,Bird populations in east central Illinois. Fluctuations variations and development over a half-century
Cardinal,Lobelia cardinalis,0,Birds,Bird populations in east central Illinois. Fluctuations variations and development over a half-century
Cardinal,Myripristis gildi,0,Birds,Bird populations in east central Illinois. Fluctuations variations and development over a half-century
Cardinal,Opisthodontia cardinalli,0,Birds,Bird populations in east central Illinois. Fluctuations variations and development over a half-century
Cardinal,Ostorhinchus apogonoides,0,Birds,Bird populations in east central Illinois. Fluctuations variations and development over a half-century
Cardinal,Ostorhinchus hartzfeldii,0,Birds,Bird populations in east central Illinois. Fluctuations variations and development over a half-century
Cardinal,Pachystachys spicata,0,Birds,Bird populations in east central Illinois. Fluctuations variations and development over a half-century
Cardinal,Parnassius cardinal,0,Birds,Bird populations in east central Illinois. Fluctuations variations and development over a half-century
Cardinal,Paroaria capitata,0,Birds,Bird populations in east central Illinois. Fluctuations variations and development over a half-century
Cardinal,Paroaria coronata,0,Birds,Bird populations in east central Illinois. Fluctuations variations and development over a half-century
Cardinal,Paroaria gularis,0,Birds,Bird populations in east central Illinois. Fluctuations variations and development over a half-century
Cardinal,Penstemon cardinalis,0,Birds,Bird populations in east central Illinois. Fluctuations variations and development over a half-century
Cardinal,Perola cardinalli,0,Birds,Bird populations in east central Illinois. Fluctuations variations and development over a half-century
Cardinal,Phidippus cardinalis,0,Birds,Bird populations in east central Illinois. Fluctuations variations and development over a half-century
Cardinal,Pyrochroa serraticornis,0,Birds,Bird populations in east central Illinois. Fluctuations variations and development over a half-century
Cardinal,Quelea cardinalis,0,Birds,Bird populations in east central Illinois. Fluctuations variations and development over a half-century
Cardinal,Quelea cardinals,0,Birds,Bird populations in east central Illinois. Fluctuations variations and development over a half-century
Cardinal,Sena cardinalli,0,Birds,Bird populations in east central Illinois. Fluctuations variations and development over a half-century
Cardinal,Silene laciniata,0,Birds,Bird populations in east central Illinois. Fluctuations variations and development over a half-century
Cardinal,Sympetrum illotum,0,Birds,Bird populations in east central Illinois. Fluctuations variations and development over a half-century
Cardinal,Tegenaria parietina,0,Birds,Bird populations in east central Illinois. Fluctuations variations and development over a half-century
Cardinal,Tillandsia fasciculata,0,Birds,Bird populations in east central Illinois. Fluctuations variations and development over a half-century
Carolina chickadee,Parus carolinensis,0,Birds,Bird populations in east central Illinois. Fluctuations variations and development over a half-century
Carolina chickadee,Poecile carolinensis,1,Birds,Bird populations in east central Illinois. Fluctuations variations and development over a half-century
Cedar Waxwing,Bombycilla cedrorum,1,Birds,Transect bird survey with data synthesis from multiple transects in the central Arizona-Phoenix area period 1998 to 2000
Cedar Waxwing,Bombycilla cedrorum,0,Birds,Bird populations in east central Illinois. Fluctuations variations and development over a half-century
Cedar Waxwing,Calycanthus floridus,0,Birds,Transect bird survey with data synthesis from multiple transects in the central Arizona-Phoenix area period 1998 to 2000
Cedar Waxwing,Calycanthus floridus,0,Birds,Bird populations in east central Illinois. Fluctuations variations and development over a half-century
Cerulean warbler,Dendroica cerulea,0,Birds,Bird populations in east central Illinois. Fluctuations variations and development over a half-century
Cerulean warbler,Setophaga cerulea,1,Birds,Bird populations in east central Illinois. Fluctuations variations and development over a half-century
Cinnamon Teal,Anas cyanoptera,1,Birds,Transect bird survey with data synthesis from multiple transects in the central Arizona-Phoenix area period 1998 to 2000
Cinnamon Teal,Spatula cyanoptera,0,Birds,Transect bird survey with data synthesis from multiple transects in the central Arizona-Phoenix area period 1998 to 2000
Cliff Swallow,Petrochelidon perdita,0,Birds,Transect bird survey with data synthesis from multiple transects in the central Arizona-Phoenix area period 1998 to 2000
Cliff Swallow,Petrochelidon preussi,0,Birds,Transect bird survey with data synthesis from multiple transects in the central Arizona-Phoenix area period 1998 to 2000
Cliff Swallow,Petrochelidon pyrrhonota,1,Birds,Transect bird survey with data synthesis from multiple transects in the central Arizona-Phoenix area period 1998 to 2000
Cliff Swallow,Petrochelidon rufigula,0,Birds,Transect bird survey with data synthesis from multiple transects in the central Arizona-Phoenix area period 1998 to 2000
Cliff Swallow,Petrochelidon spilodera,0,Birds,Transect bird survey with data synthesis from multiple transects in the central Arizona-Phoenix area period 1998 to 2000
Cockatiel,Nymphicus hollandicus,1,Birds,Transect bird survey with data synthesis from multiple transects in the central Arizona-Phoenix area period 1998 to 2000
Cockatiel,Pteragogus enneacanthus,0,Birds,Transect bird survey with data synthesis from multiple transects in the central Arizona-Phoenix area period 1998 to 2000
Common Canary,Phalaris canariensis,0,Birds,Transect bird survey with data synthesis from multiple transects in the central Arizona-Phoenix area period 1998 to 2000
Common Canary,Serinus canaria,1,Birds,Transect bird survey with data synthesis from multiple transects in the central Arizona-Phoenix area period 1998 to 2000
Common redpoll,Acanthis flammea,1,Birds,Bird populations in east central Illinois. Fluctuations variations and development over a half-century
Common redpoll,Carduelis flammea,0,Birds,Bird populations in east central Illinois. Fluctuations variations and development over a half-century
Common redpoll,Leucosticte tephrocotis,0,Birds,Bird populations in east central Illinois. Fluctuations variations and development over a half-century
Common Snipe,Gallinago delicata,0,Birds,Transect bird survey with data synthesis from multiple transects in the central Arizona-Phoenix area period 1998 to 2000
Common Snipe,Gallinago gallinago,1,Birds,Transect bird survey with data synthesis from multiple transects in the central Arizona-Phoenix area period 1998 to 2000
Common Snipe,Rhagio mystaceus,0,Birds,Transect bird survey with data synthesis from multiple transects in the central Arizona-Phoenix area period 1998 to 2000
Crabeater seal,Lobodon carcinophaga,1,Birds,Data collected aboard cruises off the coast of the Western Antarctic Penninsula
Crabeater seal,Lobodon carcinophagus,0,Birds,Data collected aboard cruises off the coast of the Western Antarctic Penninsula
Downy woodpecker,Dryobates pubescens,1,Birds,Bird community dynamics in a temperate deciduous forest Long-term trends at Hubbard Brook
Downy woodpecker,Dryobates pubescens,0,Birds,Bird populations in east central Illinois. Fluctuations variations and development over a half-century
Downy woodpecker,Picoides pubescens,0,Birds,Bird community dynamics in a temperate deciduous forest Long-term trends at Hubbard Brook
Downy woodpecker,Picoides pubescens,0,Birds,Bird populations in east central Illinois. Fluctuations variations and development over a half-century
Dusky Flycatcher,Empidonax oberholseri,1,Birds,Transect bird survey with data synthesis from multiple transects in the central Arizona-Phoenix area period 1998 to 2000
Dusky Flycatcher,Muscicapa adusta,0,Birds,Transect bird survey with data synthesis from multiple transects in the central Arizona-Phoenix area period 1998 to 2000
Eurasian Wigeon,Anas penelope,0,Birds,Transect bird survey with data synthesis from multiple transects in the central Arizona-Phoenix area period 1998 to 2000
Eurasian Wigeon,Mareca penelope,1,Birds,Transect bird survey with data synthesis from multiple transects in the central Arizona-Phoenix area period 1998 to 2000
Evening grosbeak,Coccothraustes vespertinus,0,Birds,Bird populations in east central Illinois. Fluctuations variations and development over a half-century
Evening grosbeak,Hesperiphona vespertina,1,Birds,Bird populations in east central Illinois. Fluctuations variations and development over a half-century
Fin whale,Balaenoptera edeni,0,Birds,Data collected aboard cruises off the coast of the Western Antarctic Penninsula
Fin whale,Balaenoptera omurai,0,Birds,Data collected aboard cruises off the coast of the Western Antarctic Penninsula
Fin whale,Balaenoptera physalus,1,Birds,Data collected aboard cruises off the coast of the Western Antarctic Penninsula
Fox sparrow,Passerella iliaca,1,Birds,Bird populations in east central Illinois. Fluctuations variations and development over a half-century
Fox sparrow,Passerella megarhyncha,0,Birds,Bird populations in east central Illinois. Fluctuations variations and development over a half-century
Fox sparrow,Passerella schistacea,0,Birds,Bird populations in east central Illinois. Fluctuations variations and development over a half-century
Fox sparrow,Passerella unalaschcensis,0,Birds,Bird populations in east central Illinois. Fluctuations variations and development over a half-century
Great Egret,Ardea alba,1,Birds,Transect bird survey with data synthesis from multiple transects in the central Arizona-Phoenix area period 1998 to 2000
Great Egret,Casmerodius alba,0,Birds,Transect bird survey with data synthesis from multiple transects in the central Arizona-Phoenix area period 1998 to 2000
Green Heron,Butorides striata,1,Birds,Transect bird survey with data synthesis from multiple transects in the central Arizona-Phoenix area period 1998 to 2000
Green Heron,Butorides virescens,0,Birds,Transect bird survey with data synthesis from multiple transects in the central Arizona-Phoenix area period 1998 to 2000
Hairy woodpecker,Leuconotopicus villosus,0,Birds,Bird community dynamics in a temperate deciduous forest Long-term trends at Hubbard Brook
Hairy woodpecker,Leuconotopicus villosus,0,Birds,Bird populations in east central Illinois. Fluctuations variations and development over a half-century
Hairy woodpecker,Picoides villosus,1,Birds,Bird community dynamics in a temperate deciduous forest Long-term trends at Hubbard Brook
Hairy woodpecker,Picoides villosus,0,Birds,Bird populations in east central Illinois. Fluctuations variations and development over a half-century
Herring Gull,Larus argentatus,0,Birds,Transect bird survey with data synthesis from multiple transects in the central Arizona-Phoenix area period 1998 to 2000
Herring Gull,Larus smithsonianus,1,Birds,Transect bird survey with data synthesis from multiple transects in the central Arizona-Phoenix area period 1998 to 2000
Hooded Oriole,Icterus cucullatus,1,Birds,Transect bird survey with data synthesis from multiple transects in the central Arizona-Phoenix area period 1998 to 2000
Hooded Oriole,Oriolus xanthornus,0,Birds,Transect bird survey with data synthesis from multiple transects in the central Arizona-Phoenix area period 1998 to 2000
Horned Lark,Eremophila alpestris,1,Birds,Transect bird survey with data synthesis from multiple transects in the central Arizona-Phoenix area period 1998 to 2000
Horned Lark,Eremophila bilopha,0,Birds,Transect bird survey with data synthesis from multiple transects in the central Arizona-Phoenix area period 1998 to 2000
Horned Lark,Galerida cristata,0,Birds,Transect bird survey with data synthesis from multiple transects in the central Arizona-Phoenix area period 1998 to 2000
Horned Lark,Sturnella neglecta,0,Birds,Transect bird survey with data synthesis from multiple transects in the central Arizona-Phoenix area period 1998 to 2000
Horned Lark,Uniola paniculata,0,Birds,Transect bird survey with data synthesis from multiple transects in the central Arizona-Phoenix area period 1998 to 2000
House Finch,Carpodacus mexicanus,0,Birds,Transect bird survey with data synthesis from multiple transects in the central Arizona-Phoenix area period 1998 to 2000
House Finch,Haemorhous mexicanus,1,Birds,Transect bird survey with data synthesis from multiple transects in the central Arizona-Phoenix area period 1998 to 2000
Kentucky warbler,Geothlypis formosa,1,Birds,Bird populations in east central Illinois. Fluctuations variations and development over a half-century
Kentucky warbler,Ictinia mississippiensis,0,Birds,Bird populations in east central Illinois. Fluctuations variations and development over a half-century
Kentucky warbler,Oporonis forosus,0,Birds,Bird populations in east central Illinois. Fluctuations variations and development over a half-century
Kentucky warbler,Oporornis formosus,0,Birds,Bird populations in east central Illinois. Fluctuations variations and development over a half-century
Killer whale,Feresa attenuata,0,Birds,Data collected aboard cruises off the coast of the Western Antarctic Penninsula
Killer whale,Orcinus orca,1,Birds,Data collected aboard cruises off the coast of the Western Antarctic Penninsula
Killer whale,Pseudorca crassidens,0,Birds,Data collected aboard cruises off the coast of the Western Antarctic Penninsula
Ladder-backed Woodpecker,Dryobates scalaris,1,Birds,Transect bird survey with data synthesis from multiple transects in the central Arizona-Phoenix area period 1998 to 2000
Ladder-backed Woodpecker,Picoides scalaris,0,Birds,Transect bird survey with data synthesis from multiple transects in the central Arizona-Phoenix area period 1998 to 2000
Least Sandpiper,Actitis macularius,0,Birds,Transect bird survey with data synthesis from multiple transects in the central Arizona-Phoenix area period 1998 to 2000
Least Sandpiper,Calidris minutilla,1,Birds,Transect bird survey with data synthesis from multiple transects in the central Arizona-Phoenix area period 1998 to 2000
Least Tern,Sterna antillarum,0,Birds,Transect bird survey with data synthesis from multiple transects in the central Arizona-Phoenix area period 1998 to 2000
Least Tern,Sternula antillarum,1,Birds,Transect bird survey with data synthesis from multiple transects in the central Arizona-Phoenix area period 1998 to 2000
Lesser Goldfinch,Carduelis psaltria,0,Birds,Transect bird survey with data synthesis from multiple transects in the central Arizona-Phoenix area period 1998 to 2000
Lesser Goldfinch,Spinus psaltria,1,Birds,Transect bird survey with data synthesis from multiple transects in the central Arizona-Phoenix area period 1998 to 2000
Louisiana waterthrush,Parkesia motacilla,1,Birds,Bird populations in east central Illinois. Fluctuations variations and development over a half-century
Louisiana waterthrush,Seiurus aquaticus,0,Birds,Bird populations in east central Illinois. Fluctuations variations and development over a half-century
Louisiana waterthrush,Seiurus motacilla,0,Birds,Bird populations in east central Illinois. Fluctuations variations and development over a half-century
Lucys Warbler,Leiothlypis luciae,1,Birds,Transect bird survey with data synthesis from multiple transects in the central Arizona-Phoenix area period 1998 to 2000
Lucys Warbler,Oreothlypis luciae,0,Birds,Transect bird survey with data synthesis from multiple transects in the central Arizona-Phoenix area period 1998 to 2000
Lucys Warbler,Vermivora luciae,0,Birds,Transect bird survey with data synthesis from multiple transects in the central Arizona-Phoenix area period 1998 to 2000
MacGillivrays Warbler,Geothlypis tolmiei,1,Birds,Transect bird survey with data synthesis from multiple transects in the central Arizona-Phoenix area period 1998 to 2000
MacGillivrays Warbler,Oporornis tolmiei,0,Birds,Transect bird survey with data synthesis from multiple transects in the central Arizona-Phoenix area period 1998 to 2000
Magnolia Warbler,Dendroica magnolia,0,Birds,Transect bird survey with data synthesis from multiple transects in the central Arizona-Phoenix area period 1998 to 2000
Magnolia Warbler,Setophaga magnolia,1,Birds,Transect bird survey with data synthesis from multiple transects in the central Arizona-Phoenix area period 1998 to 2000
Mallard,Anas oustaleti,0,Birds,Transect bird survey with data synthesis from multiple transects in the central Arizona-Phoenix area period 1998 to 2000
Mallard,Anas platyrhynchos,1,Birds,Transect bird survey with data synthesis from multiple transects in the central Arizona-Phoenix area period 1998 to 2000
Mallard,Malva sylvestris,0,Birds,Transect bird survey with data synthesis from multiple transects in the central Arizona-Phoenix area period 1998 to 2000
Mallard,Ophrys barbaricina,0,Birds,Transect bird survey with data synthesis from multiple transects in the central Arizona-Phoenix area period 1998 to 2000
Merlin,Arborophila charltonii,0,Birds,Transect bird survey with data synthesis from multiple transects in the central Arizona-Phoenix area period 1998 to 2000
Merlin,Citrobacter phage,0,Birds,Transect bird survey with data synthesis from multiple transects in the central Arizona-Phoenix area period 1998 to 2000
Merlin,Falco chicquera,0,Birds,Transect bird survey with data synthesis from multiple transects in the central Arizona-Phoenix area period 1998 to 2000
Merlin,Falco columbarius,0,Birds,Transect bird survey with data synthesis from multiple transects in the central Arizona-Phoenix area period 1998 to 2000
Merlin,Hormodendrum rossicum,0,Birds,Transect bird survey with data synthesis from multiple transects in the central Arizona-Phoenix area period 1998 to 2000
Merlin,Isoetes tegetiformans,0,Birds,Transect bird survey with data synthesis from multiple transects in the central Arizona-Phoenix area period 1998 to 2000
Merlin,Lyncina kuroharai,0,Birds,Transect bird survey with data synthesis from multiple transects in the central Arizona-Phoenix area period 1998 to 2000
Merlin,Makaira mazara,0,Birds,Transect bird survey with data synthesis from multiple transects in the central Arizona-Phoenix area period 1998 to 2000
Merlin,Makaira nigricans,0,Birds,Transect bird survey with data synthesis from multiple transects in the central Arizona-Phoenix area period 1998 to 2000
Merlin,Merlangius merlangus,0,Birds,Transect bird survey with data synthesis from multiple transects in the central Arizona-Phoenix area period 1998 to 2000
Merlin,Platycheirus altomontis,0,Birds,Transect bird survey with data synthesis from multiple transects in the central Arizona-Phoenix area period 1998 to 2000
Merlin,Pseudhymenochirus merlini,0,Birds,Transect bird survey with data synthesis from multiple transects in the central Arizona-Phoenix area period 1998 to 2000
Merlin,Remora brachyptera,0,Birds,Transect bird survey with data synthesis from multiple transects in the central Arizona-Phoenix area period 1998 to 2000
Minke whale,Balaenoptera acutorostrata,1,Birds,Data collected aboard cruises off the coast of the Western Antarctic Penninsula
Minke whale,Balaenoptera bonaerensis,0,Birds,Data collected aboard cruises off the coast of the Western Antarctic Penninsula
Mockingbird,Melanotis caerulescens,0,Birds,Bird populations in east central Illinois. Fluctuations variations and development over a half-century
Mockingbird,Melanotis hypoleucus,0,Birds,Bird populations in east central Illinois. Fluctuations variations and development over a half-century
Mockingbird,Mimus dorsalis,0,Birds,Bird populations in east central Illinois. Fluctuations variations and development over a half-century
Mockingbird,Mimus gilvus,0,Birds,Bird populations in east central Illinois. Fluctuations variations and development over a half-century
Mockingbird,Mimus graysoni,0,Birds,Bird populations in east central Illinois. Fluctuations variations and development over a half-century
Mockingbird,Mimus gundlachii,0,Birds,Bird populations in east central Illinois. Fluctuations variations and development over a half-century
Mockingbird,Mimus longicaudatus,0,Birds,Bird populations in east central Illinois. Fluctuations variations and development over a half-century
Mockingbird,Mimus macdonaldi,0,Birds,Bird populations in east central Illinois. Fluctuations variations and development over a half-century
Mockingbird,Mimus melanotis,0,Birds,Bird populations in east central Illinois. Fluctuations variations and development over a half-century
Mockingbird,Mimus parvulus,0,Birds,Bird populations in east central Illinois. Fluctuations variations and development over a half-century
Mockingbird,Mimus patagonicus,0,Birds,Bird populations in east central Illinois. Fluctuations variations and development over a half-century
Mockingbird,Mimus polyglottos,1,Birds,Bird populations in east central Illinois. Fluctuations variations and development over a half-century
Mockingbird,Mimus saturninus,0,Birds,Bird populations in east central Illinois. Fluctuations variations and development over a half-century
Mockingbird,Mimus thenca,0,Birds,Bird populations in east central Illinois. Fluctuations variations and development over a half-century
Mockingbird,Mimus trifasciatus,0,Birds,Bird populations in east central Illinois. Fluctuations variations and development over a half-century
Mockingbird,Mimus triurus,0,Birds,Bird populations in east central Illinois. Fluctuations variations and development over a half-century
Mourning Dove,Streptopelia decipiens,0,Birds,Transect bird survey with data synthesis from multiple transects in the central Arizona-Phoenix area period 1998 to 2000
Mourning Dove,Streptopelia decipiens,0,Birds,Bird populations in east central Illinois. Fluctuations variations and development over a half-century
Mourning Dove,Zenaida macroura,1,Birds,Transect bird survey with data synthesis from multiple transects in the central Arizona-Phoenix area period 1998 to 2000
Mourning Dove,Zenaida macroura,0,Birds,Bird populations in east central Illinois. Fluctuations variations and development over a half-century
Nashville Warbler,Leiothlypis ruficapilla,1,Birds,Transect bird survey with data synthesis from multiple transects in the central Arizona-Phoenix area period 1998 to 2000
Nashville Warbler,Oreothlypis ruficapilla,0,Birds,Transect bird survey with data synthesis from multiple transects in the central Arizona-Phoenix area period 1998 to 2000
Nashville Warbler,Tympanuchus cupido,0,Birds,Transect bird survey with data synthesis from multiple transects in the central Arizona-Phoenix area period 1998 to 2000
Nashville Warbler,Vermivora ruficapilla,0,Birds,Transect bird survey with data synthesis from multiple transects in the central Arizona-Phoenix area period 1998 to 2000
Northern Harrier,Circus cyaneus,0,Birds,Transect bird survey with data synthesis from multiple transects in the central Arizona-Phoenix area period 1998 to 2000
Northern Harrier,Circus hudsonius,1,Birds,Transect bird survey with data synthesis from multiple transects in the central Arizona-Phoenix area period 1998 to 2000
Northern Shoveler,Anas clypeata,1,Birds,Transect bird survey with data synthesis from multiple transects in the central Arizona-Phoenix area period 1998 to 2000
Northern Shoveler,Brachyurophis roperi,0,Birds,Transect bird survey with data synthesis from multiple transects in the central Arizona-Phoenix area period 1998 to 2000
Northern Shoveler,Spatula clypeata,0,Birds,Transect bird survey with data synthesis from multiple transects in the central Arizona-Phoenix area period 1998 to 2000
Orange-crowned Warbler,Leiothlypis celata,1,Birds,Transect bird survey with data synthesis from multiple transects in the central Arizona-Phoenix area period 1998 to 2000
Orange-crowned Warbler,Oreothlypis celata,0,Birds,Transect bird survey with data synthesis from multiple transects in the central Arizona-Phoenix area period 1998 to 2000
Orange-crowned Warbler,Vermivora celata,0,Birds,Transect bird survey with data synthesis from multiple transects in the central Arizona-Phoenix area period 1998 to 2000
Orange-fronted Parakeet,Aratinga canicularis,1,Birds,Transect bird survey with data synthesis from multiple transects in the central Arizona-Phoenix area period 1998 to 2000
Orange-fronted Parakeet,Cyanoramphus malherbi,0,Birds,Transect bird survey with data synthesis from multiple transects in the central Arizona-Phoenix area period 1998 to 2000
Orange-fronted Parakeet,Eupsittula canicularis,0,Birds,Transect bird survey with data synthesis from multiple transects in the central Arizona-Phoenix area period 1998 to 2000
Osprey,Pandion cristatus,1,Birds,Transect bird survey with data synthesis from multiple transects in the central Arizona-Phoenix area period 1998 to 2000
Osprey,Pandion haliaetus,0,Birds,Transect bird survey with data synthesis from multiple transects in the central Arizona-Phoenix area period 1998 to 2000
Phainopepla,Galbula dea,0,Birds,Transect bird survey with data synthesis from multiple transects in the central Arizona-Phoenix area period 1998 to 2000
Phainopepla,Phainopepla nitans,0,Birds,Transect bird survey with data synthesis from multiple transects in the central Arizona-Phoenix area period 1998 to 2000
Phainopepla,Phainopepla nitens,1,Birds,Transect bird survey with data synthesis from multiple transects in the central Arizona-Phoenix area period 1998 to 2000
Pied-billed Grebe,Podilymbus gigas,0,Birds,Transect bird survey with data synthesis from multiple transects in the central Arizona-Phoenix area period 1998 to 2000
Pied-billed Grebe,Podilymbus podiceps,1,Birds,Transect bird survey with data synthesis from multiple transects in the central Arizona-Phoenix area period 1998 to 2000
Pilot whale,Globicephala macrorhynchus,0,Birds,Data collected aboard cruises off the coast of the Western Antarctic Penninsula
Pilot whale,Globicephala melas,1,Birds,Data collected aboard cruises off the coast of the Western Antarctic Penninsula
Pilot whale,Pseudorca crassidens,0,Birds,Data collected aboard cruises off the coast of the Western Antarctic Penninsula
Purple finch,Carpodacus purpureus,0,Birds,Bird populations in east central Illinois. Fluctuations variations and development over a half-century
Purple finch,Haemorhous purpureus,1,Birds,Bird populations in east central Illinois. Fluctuations variations and development over a half-century
Red-tailed Hawk,Buteo jamaicensis,1,Birds,Transect bird survey with data synthesis from multiple transects in the central Arizona-Phoenix area period 1998 to 2000
Red-tailed Hawk,Buteo jamaicensis,0,Birds,Bird populations in east central Illinois. Fluctuations variations and development over a half-century
Red-tailed Hawk,Buteo ventralis,0,Birds,Transect bird survey with data synthesis from multiple transects in the central Arizona-Phoenix area period 1998 to 2000
Red-tailed Hawk,Buteo ventralis,0,Birds,Bird populations in east central Illinois. Fluctuations variations and development over a half-century
Red-winged Blackbird,Agelaius phoeniceus,1,Birds,Transect bird survey with data synthesis from multiple transects in the central Arizona-Phoenix area period 1998 to 2000
Red-winged Blackbird,Agelaius phoeniceus,0,Birds,Bird populations in east central Illinois. Fluctuations variations and development over a half-century
Red-winged Blackbird,Botaurus lentiginosus,0,Birds,Transect bird survey with data synthesis from multiple transects in the central Arizona-Phoenix area period 1998 to 2000
Red-winged Blackbird,Botaurus lentiginosus,0,Birds,Bird populations in east central Illinois. Fluctuations variations and development over a half-century
Redhead,Aythya americana,1,,ADDED
Redhead,Agama africana,0,Birds,Transect bird survey with data synthesis from multiple transects in the central Arizona-Phoenix area period 1998 to 2000
Redhead,Anastrophella subpeltata,0,Birds,Transect bird survey with data synthesis from multiple transects in the central Arizona-Phoenix area period 1998 to 2000
Redhead,Ara erythrocephala,0,Birds,Transect bird survey with data synthesis from multiple transects in the central Arizona-Phoenix area period 1998 to 2000
Redhead,Bungarus flaviceps,0,Birds,Transect bird survey with data synthesis from multiple transects in the central Arizona-Phoenix area period 1998 to 2000
Redhead,Calamaria schlegeli,0,Birds,Transect bird survey with data synthesis from multiple transects in the central Arizona-Phoenix area period 1998 to 2000
Redhead,Callicebus regulus,0,Birds,Transect bird survey with data synthesis from multiple transects in the central Arizona-Phoenix area period 1998 to 2000
Redhead,Cheracebus regulus,0,Birds,Transect bird survey with data synthesis from multiple transects in the central Arizona-Phoenix area period 1998 to 2000
Redhead,Cirripectes vanderbilti,0,Birds,Transect bird survey with data synthesis from multiple transects in the central Arizona-Phoenix area period 1998 to 2000
Redhead,Coprinopsis austrofriesii,0,Birds,Transect bird survey with data synthesis from multiple transects in the central Arizona-Phoenix area period 1998 to 2000
Redhead,Coprinopsis maysoidispora,0,Birds,Transect bird survey with data synthesis from multiple transects in the central Arizona-Phoenix area period 1998 to 2000
Redhead,Coprinopsis neotropica,0,Birds,Transect bird survey with data synthesis from multiple transects in the central Arizona-Phoenix area period 1998 to 2000
Redhead,Coprinopsis psychromorbida,0,Birds,Transect bird survey with data synthesis from multiple transects in the central Arizona-Phoenix area period 1998 to 2000
Redhead,Elacatinus puncticulatus,0,Birds,Transect bird survey with data synthesis from multiple transects in the central Arizona-Phoenix area period 1998 to 2000
Redhead,Erythrura cyaneovirens,0,Birds,Transect bird survey with data synthesis from multiple transects in the central Arizona-Phoenix area period 1998 to 2000
Redhead,Eviota rubriceps,0,Birds,Transect bird survey with data synthesis from multiple transects in the central Arizona-Phoenix area period 1998 to 2000
Redhead,Floccularia albolanaripes,0,Birds,Transect bird survey with data synthesis from multiple transects in the central Arizona-Phoenix area period 1998 to 2000
Redhead,Halichoeres rubricephalus,0,Birds,Transect bird survey with data synthesis from multiple transects in the central Arizona-Phoenix area period 1998 to 2000
Redhead,Helotium cyphelloides,0,Birds,Transect bird survey with data synthesis from multiple transects in the central Arizona-Phoenix area period 1998 to 2000
Redhead,Hemimycena nebulophila,0,Birds,Transect bird survey with data synthesis from multiple transects in the central Arizona-Phoenix area period 1998 to 2000
Redhead,Malayotyphlops ruficaudus,0,Birds,Transect bird survey with data synthesis from multiple transects in the central Arizona-Phoenix area period 1998 to 2000
Redhead,Malimbus rubricollis,0,Birds,Transect bird survey with data synthesis from multiple transects in the central Arizona-Phoenix area period 1998 to 2000
Redhead,Marasmiellus paludosus,0,Birds,Transect bird survey with data synthesis from multiple transects in the central Arizona-Phoenix area period 1998 to 2000
Redhead,Marasmiellus pluvius,0,Birds,Transect bird survey with data synthesis from multiple transects in the central Arizona-Phoenix area period 1998 to 2000
Redhead,Melanerpes erythrocephalus,0,Birds,Transect bird survey with data synthesis from multiple transects in the central Arizona-Phoenix area period 1998 to 2000
Redhead,Mitrula lunulatospora,0,Birds,Transect bird survey with data synthesis from multiple transects in the central Arizona-Phoenix area period 1998 to 2000
Redhead,Mycena cariciophila,0,Birds,Transect bird survey with data synthesis from multiple transects in the central Arizona-Phoenix area period 1998 to 2000
Redhead,Mycetinis salalis,0,Birds,Transect bird survey with data synthesis from multiple transects in the central Arizona-Phoenix area period 1998 to 2000
Redhead,Naiadolina flavomerulina,0,Birds,Transect bird survey with data synthesis from multiple transects in the central Arizona-Phoenix area period 1998 to 2000
Redhead,Neoclytus acuminatus,0,Birds,Transect bird survey with data synthesis from multiple transects in the central Arizona-Phoenix area period 1998 to 2000
Redhead,Neodiprion lecontei,0,Birds,Transect bird survey with data synthesis from multiple transects in the central Arizona-Phoenix area period 1998 to 2000
Redhead,Orchelimum erythrocephalum,0,Birds,Transect bird survey with data synthesis from multiple transects in the central Arizona-Phoenix area period 1998 to 2000
Redhead,Paragobiodon echinocephalus,0,Birds,Transect bird survey with data synthesis from multiple transects in the central Arizona-Phoenix area period 1998 to 2000
Redhead,Paragobiodon modestus,0,Birds,Transect bird survey with data synthesis from multiple transects in the central Arizona-Phoenix area period 1998 to 2000
Redhead,Phyllopalpus pulchellus,0,Birds,Transect bird survey with data synthesis from multiple transects in the central Arizona-Phoenix area period 1998 to 2000
Redhead,Pluteus luteus,0,Birds,Transect bird survey with data synthesis from multiple transects in the central Arizona-Phoenix area period 1998 to 2000
Redhead,Podocnemis erythrocephala,0,Birds,Transect bird survey with data synthesis from multiple transects in the central Arizona-Phoenix area period 1998 to 2000
Redhead,Potamogeton richardsonii,0,Birds,Transect bird survey with data synthesis from multiple transects in the central Arizona-Phoenix area period 1998 to 2000
Redhead,Rimbachia paludosa,0,Birds,Transect bird survey with data synthesis from multiple transects in the central Arizona-Phoenix area period 1998 to 2000
Redhead,Roeslerina microspora,0,Birds,Transect bird survey with data synthesis from multiple transects in the central Arizona-Phoenix area period 1998 to 2000
Redhead,Roeslerina radicella,0,Birds,Transect bird survey with data synthesis from multiple transects in the central Arizona-Phoenix area period 1998 to 2000
Redhead,Scolopendra heros,0,Birds,Transect bird survey with data synthesis from multiple transects in the central Arizona-Phoenix area period 1998 to 2000
Redhead,Scolopendra morsitans,0,Birds,Transect bird survey with data synthesis from multiple transects in the central Arizona-Phoenix area period 1998 to 2000
Redhead,Scolopendra subspinipes,0,Birds,Transect bird survey with data synthesis from multiple transects in the central Arizona-Phoenix area period 1998 to 2000
Redhead,Systena frontalis,0,Birds,Transect bird survey with data synthesis from multiple transects in the central Arizona-Phoenix area period 1998 to 2000
Redhead,Tetrapyrgos subdendrophora,0,Birds,Transect bird survey with data synthesis from multiple transects in the central Arizona-Phoenix area period 1998 to 2000
Redhead,Vieja melanura,0,Birds,Transect bird survey with data synthesis from multiple transects in the central Arizona-Phoenix area period 1998 to 2000
Redhead,Xeromphalina campanelloides,0,Birds,Transect bird survey with data synthesis from multiple transects in the central Arizona-Phoenix area period 1998 to 2000
Redhead,Xeromphalina cirris,0,Birds,Transect bird survey with data synthesis from multiple transects in the central Arizona-Phoenix area period 1998 to 2000
Ring-necked pheasant,Phasianus colchicus,1,Birds,Bird populations in east central Illinois. Fluctuations variations and development over a half-century
Ring-necked pheasant,Phasianus torquatus,0,Birds,Bird populations in east central Illinois. Fluctuations variations and development over a half-century
Ringed Turtle-Dove,Streptopelia risoria,NA,Birds,Transect bird survey with data synthesis from multiple transects in the central Arizona-Phoenix area period 1998 to 2000
Ringed Turtle-Dove,Streptopelia roseogrisea,NA,Birds,Transect bird survey with data synthesis from multiple transects in the central Arizona-Phoenix area period 1998 to 2000
Rock Wren,Salpinctes obsoletus,1,Birds,Transect bird survey with data synthesis from multiple transects in the central Arizona-Phoenix area period 1998 to 2000
Rock Wren,Xenicus gilviventris,0,Birds,Transect bird survey with data synthesis from multiple transects in the central Arizona-Phoenix area period 1998 to 2000
Savannah Sparrow,Diomedea immutabilis,0,Birds,Transect bird survey with data synthesis from multiple transects in the central Arizona-Phoenix area period 1998 to 2000
Savannah Sparrow,Passerculus sandwichensis,1,Birds,Transect bird survey with data synthesis from multiple transects in the central Arizona-Phoenix area period 1998 to 2000
Saw-whet owl,Aegolius acadicus,1,Birds,Bird populations in east central Illinois. Fluctuations variations and development over a half-century
Saw-whet owl,Aegolius gradyi,0,Birds,Bird populations in east central Illinois. Fluctuations variations and development over a half-century
Saw-whet owl,Aegolius ridgwayi,0,Birds,Bird populations in east central Illinois. Fluctuations variations and development over a half-century
Scarlet tanager,Piranga olivacea,1,Birds,Bird populations in east central Illinois. Fluctuations variations and development over a half-century
Scarlet tanager,Scarlet tanager,0,Birds,Bird populations in east central Illinois. Fluctuations variations and development over a half-century
Screech owl,Gymnoglaux lawrencii,0,Birds,Bird populations in east central Illinois. Fluctuations variations and development over a half-century
Screech owl,Megascops albogularis,0,Birds,Bird populations in east central Illinois. Fluctuations variations and development over a half-century
Screech owl,Megascops asio,1,Birds,Bird populations in east central Illinois. Fluctuations variations and development over a half-century
Screech owl,Megascops atricapilla,0,Birds,Bird populations in east central Illinois. Fluctuations variations and development over a half-century
Screech owl,Megascops barbarus,0,Birds,Bird populations in east central Illinois. Fluctuations variations and development over a half-century
Screech owl,Megascops centralis,0,Birds,Bird populations in east central Illinois. Fluctuations variations and development over a half-century
Screech owl,Megascops choliba,0,Birds,Bird populations in east central Illinois. Fluctuations variations and development over a half-century
Screech owl,Megascops clarkii,0,Birds,Bird populations in east central Illinois. Fluctuations variations and development over a half-century
Screech owl,Megascops colombianus,0,Birds,Bird populations in east central Illinois. Fluctuations variations and development over a half-century
Screech owl,Megascops cooperi,0,Birds,Bird populations in east central Illinois. Fluctuations variations and development over a half-century
Screech owl,Megascops gilesi,0,Birds,Bird populations in east central Illinois. Fluctuations variations and development over a half-century
Screech owl,Megascops guatemalae,0,Birds,Bird populations in east central Illinois. Fluctuations variations and development over a half-century
Screech owl,Megascops hoyi,0,Birds,Bird populations in east central Illinois. Fluctuations variations and development over a half-century
Screech owl,Megascops ingens,0,Birds,Bird populations in east central Illinois. Fluctuations variations and development over a half-century
Screech owl,Megascops kennicottii,0,Birds,Bird populations in east central Illinois. Fluctuations variations and development over a half-century
Screech owl,Megascops koepckeae,0,Birds,Bird populations in east central Illinois. Fluctuations variations and development over a half-century
Screech owl,Megascops marshalli,0,Birds,Bird populations in east central Illinois. Fluctuations variations and development over a half-century
Screech owl,Megascops nudipes,0,Birds,Bird populations in east central Illinois. Fluctuations variations and development over a half-century
Screech owl,Megascops petersoni,0,Birds,Bird populations in east central Illinois. Fluctuations variations and development over a half-century
Screech owl,Megascops roboratus,0,Birds,Bird populations in east central Illinois. Fluctuations variations and development over a half-century
Screech owl,Megascops roraimae,0,Birds,Bird populations in east central Illinois. Fluctuations variations and development over a half-century
Screech owl,Megascops sanctaecatarinae,0,Birds,Bird populations in east central Illinois. Fluctuations variations and development over a half-century
Screech owl,Megascops seductus,0,Birds,Bird populations in east central Illinois. Fluctuations variations and development over a half-century
Screech owl,Megascops trichopsis,0,Birds,Bird populations in east central Illinois. Fluctuations variations and development over a half-century
Screech owl,Megascops vermiculatus,0,Birds,Bird populations in east central Illinois. Fluctuations variations and development over a half-century
Screech owl,Megascops watsonii,0,Birds,Bird populations in east central Illinois. Fluctuations variations and development over a half-century
Screech owl,Otus albogularis,0,Birds,Bird populations in east central Illinois. Fluctuations variations and development over a half-century
Screech owl,Otus asio,0,Birds,Bird populations in east central Illinois. Fluctuations variations and development over a half-century
Screech owl,Otus atricapilla,0,Birds,Bird populations in east central Illinois. Fluctuations variations and development over a half-century
Screech owl,Otus barbarus,0,Birds,Bird populations in east central Illinois. Fluctuations variations and development over a half-century
Screech owl,Otus choliba,0,Birds,Bird populations in east central Illinois. Fluctuations variations and development over a half-century
Screech owl,Otus clarkii,0,Birds,Bird populations in east central Illinois. Fluctuations variations and development over a half-century
Screech owl,Otus colombianus,0,Birds,Bird populations in east central Illinois. Fluctuations variations and development over a half-century
Screech owl,Otus cooperi,0,Birds,Bird populations in east central Illinois. Fluctuations variations and development over a half-century
Screech owl,Otus guatemalae,0,Birds,Bird populations in east central Illinois. Fluctuations variations and development over a half-century
Screech owl,Otus hoyi,0,Birds,Bird populations in east central Illinois. Fluctuations variations and development over a half-century
Screech owl,Otus kennicottii,0,Birds,Bird populations in east central Illinois. Fluctuations variations and development over a half-century
Screech owl,Otus koepckeae,0,Birds,Bird populations in east central Illinois. Fluctuations variations and development over a half-century
Screech owl,Otus marshalli,0,Birds,Bird populations in east central Illinois. Fluctuations variations and development over a half-century
Screech owl,Otus nudipes,0,Birds,Bird populations in east central Illinois. Fluctuations variations and development over a half-century
Screech owl,Otus petersoni,0,Birds,Bird populations in east central Illinois. Fluctuations variations and development over a half-century
Screech owl,Otus roboratus,0,Birds,Bird populations in east central Illinois. Fluctuations variations and development over a half-century
Screech owl,Otus seductus,0,Birds,Bird populations in east central Illinois. Fluctuations variations and development over a half-century
Screech owl,Otus trichopsis,0,Birds,Bird populations in east central Illinois. Fluctuations variations and development over a half-century
Screech owl,Otus vermiculatus,0,Birds,Bird populations in east central Illinois. Fluctuations variations and development over a half-century
Screech owl,Otus watsonii,0,Birds,Bird populations in east central Illinois. Fluctuations variations and development over a half-century
Sooty albatross,Phoebetria fusca,1,Birds,Data collected aboard cruises off the coast of the Western Antarctic Penninsula
Sooty albatross,Phoebetria palpebrata,0,Birds,Data collected aboard cruises off the coast of the Western Antarctic Penninsula
Starling,Allopauropus carolinensis,0,Birds,Bird populations in east central Illinois. Fluctuations variations and development over a half-century
Starling,Allopauropus causeyae,0,Birds,Bird populations in east central Illinois. Fluctuations variations and development over a half-century
Starling,Aplonis atrifusca,0,Birds,Bird populations in east central Illinois. Fluctuations variations and development over a half-century
Starling,Aplonis cantoroides,0,Birds,Bird populations in east central Illinois. Fluctuations variations and development over a half-century
Starling,Aplonis cinerascens,0,Birds,Bird populations in east central Illinois. Fluctuations variations and development over a half-century
Starling,Aplonis corvina,0,Birds,Bird populations in east central Illinois. Fluctuations variations and development over a half-century
Starling,Aplonis fusca,0,Birds,Bird populations in east central Illinois. Fluctuations variations and development over a half-century
Starling,Aplonis mavornata,0,Birds,Bird populations in east central Illinois. Fluctuations variations and development over a half-century
Starling,Aplonis minor,0,Birds,Bird populations in east central Illinois. Fluctuations variations and development over a half-century
Starling,Aplonis mystacea,0,Birds,Bird populations in east central Illinois. Fluctuations variations and development over a half-century
Starling,Aplonis panayensis,0,Birds,Bird populations in east central Illinois. Fluctuations variations and development over a half-century
Starling,Aplonis pelzelni,0,Birds,Bird populations in east central Illinois. Fluctuations variations and development over a half-century
Starling,Aplonis santovestris,0,Birds,Bird populations in east central Illinois. Fluctuations variations and development over a half-century
Starling,Aplonis striata,0,Birds,Bird populations in east central Illinois. Fluctuations variations and development over a half-century
Starling,Brachypauropus pearsei,0,Birds,Bird populations in east central Illinois. Fluctuations variations and development over a half-century
Starling,Creatophora cinerea,0,Birds,Bird populations in east central Illinois. Fluctuations variations and development over a half-century
Starling,Desmopauropus dukensis,0,Birds,Bird populations in east central Illinois. Fluctuations variations and development over a half-century
Starling,Enodes erythrophris,0,Birds,Bird populations in east central Illinois. Fluctuations variations and development over a half-century
Starling,Fregilupus varius,0,Birds,Bird populations in east central Illinois. Fluctuations variations and development over a half-century
Starling,Lamprotornis acuticaudus,0,Birds,Bird populations in east central Illinois. Fluctuations variations and development over a half-century
Starling,Lamprotornis australis,0,Birds,Bird populations in east central Illinois. Fluctuations variations and development over a half-century
Starling,Lamprotornis caudatus,0,Birds,Bird populations in east central Illinois. Fluctuations variations and development over a half-century
Starling,Lamprotornis chalcurus,0,Birds,Bird populations in east central Illinois. Fluctuations variations and development over a half-century
Starling,Lamprotornis chalybaeus,0,Birds,Bird populations in east central Illinois. Fluctuations variations and development over a half-century
Starling,Lamprotornis chloropterus,0,Birds,Bird populations in east central Illinois. Fluctuations variations and development over a half-century
Starling,Lamprotornis corruscus,0,Birds,Bird populations in east central Illinois. Fluctuations variations and development over a half-century
Starling,Lamprotornis iris,0,Birds,Bird populations in east central Illinois. Fluctuations variations and development over a half-century
Starling,Lamprotornis mevesii,0,Birds,Bird populations in east central Illinois. Fluctuations variations and development over a half-century
Starling,Lamprotornis nitens,0,Birds,Bird populations in east central Illinois. Fluctuations variations and development over a half-century
Starling,Lamprotornis ornatus,0,Birds,Bird populations in east central Illinois. Fluctuations variations and development over a half-century
Starling,Lamprotornis purpureus,0,Birds,Bird populations in east central Illinois. Fluctuations variations and development over a half-century
Starling,Lamprotornis purpuroptera,0,Birds,Bird populations in east central Illinois. Fluctuations variations and development over a half-century
Starling,Lamprotornis regius,0,Birds,Bird populations in east central Illinois. Fluctuations variations and development over a half-century
Starling,Lamprotornis splendidus,0,Birds,Bird populations in east central Illinois. Fluctuations variations and development over a half-century
Starling,Necropsar rodericanus,0,Birds,Bird populations in east central Illinois. Fluctuations variations and development over a half-century
Starling,Onychognathus fulgidus,0,Birds,Bird populations in east central Illinois. Fluctuations variations and development over a half-century
Starling,Onychognathus tenuirostris,0,Birds,Bird populations in east central Illinois. Fluctuations variations and development over a half-century
Starling,Onychognathus walleri,0,Birds,Bird populations in east central Illinois. Fluctuations variations and development over a half-century
Starling,Poeoptera stuhlmanni,0,Birds,Bird populations in east central Illinois. Fluctuations variations and development over a half-century
Starling,Speculipastor bicolor,0,Birds,Bird populations in east central Illinois. Fluctuations variations and development over a half-century
Starling,Sturnia blythii,0,Birds,Bird populations in east central Illinois. Fluctuations variations and development over a half-century
Starling,Sturnia pagodarum,0,Birds,Bird populations in east central Illinois. Fluctuations variations and development over a half-century
Starling,Sturnus roseus,0,Birds,Bird populations in east central Illinois. Fluctuations variations and development over a half-century
Starling,Sturnus vulgaris,1,Birds,Bird populations in east central Illinois. Fluctuations variations and development over a half-century
Tennessee Warbler,Ictinia mississippiensis,0,Birds,Transect bird survey with data synthesis from multiple transects in the central Arizona-Phoenix area period 1998 to 2000
Tennessee Warbler,Leiothlypis peregrina,1,Birds,Transect bird survey with data synthesis from multiple transects in the central Arizona-Phoenix area period 1998 to 2000
Tennessee Warbler,Oreothlypis peregrina,0,Birds,Transect bird survey with data synthesis from multiple transects in the central Arizona-Phoenix area period 1998 to 2000
Tennessee Warbler,Vermivora peregrina,0,Birds,Transect bird survey with data synthesis from multiple transects in the central Arizona-Phoenix area period 1998 to 2000
Townsends Warbler,Dendroica townsendi,0,Birds,Transect bird survey with data synthesis from multiple transects in the central Arizona-Phoenix area period 1998 to 2000
Townsends Warbler,Setophaga townsendi,0,Birds,Transect bird survey with data synthesis from multiple transects in the central Arizona-Phoenix area period 1998 to 2000
Tree sparrow,Passer montanus,0,Birds,Bird populations in east central Illinois. Fluctuations variations and development over a half-century
Tree sparrow,Passer rutilans,0,Birds,Bird populations in east central Illinois. Fluctuations variations and development over a half-century
Tree sparrow,Spizella arborea,0,Birds,Bird populations in east central Illinois. Fluctuations variations and development over a half-century
Tree sparrow,Spizelloides arborea,1,Birds,Bird populations in east central Illinois. Fluctuations variations and development over a half-century
Tufted titmouse,Baeolophus bicolor,0,Birds,Bird populations in east central Illinois. Fluctuations variations and development over a half-century
Tufted titmouse,Parus bicolor,1,Birds,Bird populations in east central Illinois. Fluctuations variations and development over a half-century
Verdin,Auriparus flaviceps,1,Birds,Transect bird survey with data synthesis from multiple transects in the central Arizona-Phoenix area period 1998 to 2000
Verdin,Basileuterus culicivorus,0,Birds,Transect bird survey with data synthesis from multiple transects in the central Arizona-Phoenix area period 1998 to 2000
Verdin,Candidatus,0,Birds,Transect bird survey with data synthesis from multiple transects in the central Arizona-Phoenix area period 1998 to 2000
Verdin,Chloropsis aurifrons,0,Birds,Transect bird survey with data synthesis from multiple transects in the central Arizona-Phoenix area period 1998 to 2000
Verdin,Chloropsis cochinchinensis,0,Birds,Transect bird survey with data synthesis from multiple transects in the central Arizona-Phoenix area period 1998 to 2000
Verdin,Chloropsis cyanopogon,0,Birds,Transect bird survey with data synthesis from multiple transects in the central Arizona-Phoenix area period 1998 to 2000
Verdin,Chloropsis hardwickii,0,Birds,Transect bird survey with data synthesis from multiple transects in the central Arizona-Phoenix area period 1998 to 2000
Verdin,Chloropsis jerdoni,0,Birds,Transect bird survey with data synthesis from multiple transects in the central Arizona-Phoenix area period 1998 to 2000
Verdin,Chloropsis kinabaluensis,0,Birds,Transect bird survey with data synthesis from multiple transects in the central Arizona-Phoenix area period 1998 to 2000
Verdin,Chloropsis media,0,Birds,Transect bird survey with data synthesis from multiple transects in the central Arizona-Phoenix area period 1998 to 2000
Verdin,Chloropsis palawanensis,0,Birds,Transect bird survey with data synthesis from multiple transects in the central Arizona-Phoenix area period 1998 to 2000
Verdin,Chloropsis sonnerati,0,Birds,Transect bird survey with data synthesis from multiple transects in the central Arizona-Phoenix area period 1998 to 2000
Verdin,Chloropsis venusta,0,Birds,Transect bird survey with data synthesis from multiple transects in the central Arizona-Phoenix area period 1998 to 2000
Verdin,Eumyias thalassinus,0,Birds,Transect bird survey with data synthesis from multiple transects in the central Arizona-Phoenix area period 1998 to 2000
Verdin,Geothlypis beldingi,0,Birds,Transect bird survey with data synthesis from multiple transects in the central Arizona-Phoenix area period 1998 to 2000
Verdin,Geothlypis flavovelata,0,Birds,Transect bird survey with data synthesis from multiple transects in the central Arizona-Phoenix area period 1998 to 2000
Verdin,Geothlypis speciosa,0,Birds,Transect bird survey with data synthesis from multiple transects in the central Arizona-Phoenix area period 1998 to 2000
Verdin,Ixos virescens,0,Birds,Transect bird survey with data synthesis from multiple transects in the central Arizona-Phoenix area period 1998 to 2000
Verdin,Limnothlypis swainsonii,0,Birds,Transect bird survey with data synthesis from multiple transects in the central Arizona-Phoenix area period 1998 to 2000
Verdin,Phyllomyias virescens,0,Birds,Transect bird survey with data synthesis from multiple transects in the central Arizona-Phoenix area period 1998 to 2000
Verdin,Piprites chloris,0,Birds,Transect bird survey with data synthesis from multiple transects in the central Arizona-Phoenix area period 1998 to 2000
Vermilion Flycatcher,Pyrocephalus obscurus,1,Birds,Transect bird survey with data synthesis from multiple transects in the central Arizona-Phoenix area period 1998 to 2000
Vermilion Flycatcher,Pyrocephalus rubinus,0,Birds,Transect bird survey with data synthesis from multiple transects in the central Arizona-Phoenix area period 1998 to 2000
Wandering albatross,Diomedea exulans,0,Birds,Data collected aboard cruises off the coast of the Western Antarctic Penninsula
Wandering albatross,Diomedea gibsoni,0,Birds,Data collected aboard cruises off the coast of the Western Antarctic Penninsula
Whip-poor-will,Antrostomus arizonae,0,Birds,Bird populations in east central Illinois. Fluctuations variations and development over a half-century
Whip-poor-will,Antrostomus vociferus,1,Birds,Bird populations in east central Illinois. Fluctuations variations and development over a half-century
Whip-poor-will,Caprimulgus vociferus,0,Birds,Bird populations in east central Illinois. Fluctuations variations and development over a half-century
Whip-poor-will,Trillium cernuum,0,Birds,Bird populations in east central Illinois. Fluctuations variations and development over a half-century
Wilson,Acianthera wilsonii,NA,Birds,Data collected aboard cruises off the coast of the Western Antarctic Penninsula
Wilson,Adiantum wilsonii,NA,Birds,Data collected aboard cruises off the coast of the Western Antarctic Penninsula
Wilson,Astragalus lentiginosus,NA,Birds,Data collected aboard cruises off the coast of the Western Antarctic Penninsula
Wilson,Berberis wilsoniae,NA,Birds,Data collected aboard cruises off the coast of the Western Antarctic Penninsula
Wilson,Bomolochus nothrus,NA,Birds,Data collected aboard cruises off the coast of the Western Antarctic Penninsula
Wilson,Branchiaster simplex,NA,Birds,Data collected aboard cruises off the coast of the Western Antarctic Penninsula
Wilson,Cardellina pusilla,NA,Birds,Data collected aboard cruises off the coast of the Western Antarctic Penninsula
Wilson,Chaenodraco wilsoni,NA,Birds,Data collected aboard cruises off the coast of the Western Antarctic Penninsula
Wilson,Charadrius wilsonia,NA,Birds,Data collected aboard cruises off the coast of the Western Antarctic Penninsula
Wilson,Chondrohierax uncinatus,NA,Birds,Data collected aboard cruises off the coast of the Western Antarctic Penninsula
Wilson,Cicinnurus respublica,NA,Birds,Data collected aboard cruises off the coast of the Western Antarctic Penninsula
Wilson,Cypridina parasitica,NA,Birds,Data collected aboard cruises off the coast of the Western Antarctic Penninsula
Wilson,Diaptomus hirsutus,NA,Birds,Data collected aboard cruises off the coast of the Western Antarctic Penninsula
Wilson,Diaptomus schefferi,NA,Birds,Data collected aboard cruises off the coast of the Western Antarctic Penninsula
Wilson,Dioclea wilsonii,NA,Birds,Data collected aboard cruises off the coast of the Western Antarctic Penninsula
Wilson,Diphyllodes respublica,NA,Birds,Data collected aboard cruises off the coast of the Western Antarctic Penninsula
Wilson,Gallinago delicata,NA,Birds,Data collected aboard cruises off the coast of the Western Antarctic Penninsula
Wilson,Glyptodiadema granulatum,NA,Birds,Data collected aboard cruises off the coast of the Western Antarctic Penninsula
Wilson,Heteroclinus wilsoni,NA,Birds,Data collected aboard cruises off the coast of the Western Antarctic Penninsula
Wilson,Homalia falcifolia,NA,Birds,Data collected aboard cruises off the coast of the Western Antarctic Penninsula
Wilson,Homalia oblongifolia,NA,Birds,Data collected aboard cruises off the coast of the Western Antarctic Penninsula
Wilson,Huperzia wilsonii,NA,Birds,Data collected aboard cruises off the coast of the Western Antarctic Penninsula
Wilson,Hymenophyllum wilsonii,NA,Birds,Data collected aboard cruises off the coast of the Western Antarctic Penninsula
Wilson,Impatiens cribbii,NA,Birds,Data collected aboard cruises off the coast of the Western Antarctic Penninsula
Wilson,Iris wilsonii,NA,Birds,Data collected aboard cruises off the coast of the Western Antarctic Penninsula
Wilson,Lipomera curvintestina,NA,Birds,Data collected aboard cruises off the coast of the Western Antarctic Penninsula
Wilson,Lonicera nitida,NA,Birds,Data collected aboard cruises off the coast of the Western Antarctic Penninsula
Wilson,Meconopsis lijiangensis,NA,Birds,Data collected aboard cruises off the coast of the Western Antarctic Penninsula
Wilson,Myriopholis wilsoni,NA,Birds,Data collected aboard cruises off the coast of the Western Antarctic Penninsula
Wilson,Neophyllis melacarpa,NA,Birds,Data collected aboard cruises off the coast of the Western Antarctic Penninsula
Wilson,Oceanites oceanicus,NA,Birds,Data collected aboard cruises off the coast of the Western Antarctic Penninsula
Wilson,Parapetalus occidentalus,NA,Birds,Data collected aboard cruises off the coast of the Western Antarctic Penninsula
Wilson,Phalaropus tricolor,NA,Birds,Data collected aboard cruises off the coast of the Western Antarctic Penninsula
Wilson,Phlegmariurus wilsonii,NA,Birds,Data collected aboard cruises off the coast of the Western Antarctic Penninsula
Wilson,Picea wilsonii,NA,Birds,Data collected aboard cruises off the coast of the Western Antarctic Penninsula
Wilson,Populus wilsonii,NA,Birds,Data collected aboard cruises off the coast of the Western Antarctic Penninsula
Wilson,Pottia wilsonii,NA,Birds,Data collected aboard cruises off the coast of the Western Antarctic Penninsula
Wilson,Rhynchostegiella pumila,NA,Birds,Data collected aboard cruises off the coast of the Western Antarctic Penninsula
Wilson,Sipanea wilson,NA,Birds,Data collected aboard cruises off the coast of the Western Antarctic Penninsula
Wilson,Strigula wilsonii,NA,Birds,Data collected aboard cruises off the coast of the Western Antarctic Penninsula
Wilson,Velia paulianeae,NA,Birds,Data collected aboard cruises off the coast of the Western Antarctic Penninsula
Wilson,Vidua wilsoni,NA,Birds,Data collected aboard cruises off the coast of the Western Antarctic Penninsula
Wilson,Wilsonia pusilla,NA,Birds,Data collected aboard cruises off the coast of the Western Antarctic Penninsula
Wilsons Warbler,Cardellina pusilla,1,Birds,Transect bird survey with data synthesis from multiple transects in the central Arizona-Phoenix area period 1998 to 2000
Wilsons Warbler,Wilsonia pusilla,0,Birds,Transect bird survey with data synthesis from multiple transects in the central Arizona-Phoenix area period 1998 to 2000
Winter wren,Troglodytes hiemalis,1,Birds,Bird community dynamics in a temperate deciduous forest Long-term trends at Hubbard Brook
Winter wren,Troglodytes hiemalis,0,Birds,Bird populations in east central Illinois. Fluctuations variations and development over a half-century
Winter wren,Troglodytes troglodytes,0,Birds,Bird community dynamics in a temperate deciduous forest Long-term trends at Hubbard Brook
Winter wren,Troglodytes troglodytes,0,Birds,Bird populations in east central Illinois. Fluctuations variations and development over a half-century
Wood duck,Aix sponsa,1,Birds,Bird populations in east central Illinois. Fluctuations variations and development over a half-century
Wood duck,Asarcornis scutulata,0,Birds,Bird populations in east central Illinois. Fluctuations variations and development over a half-century
Wood duck,Cairina scutulata,0,Birds,Bird populations in east central Illinois. Fluctuations variations and development over a half-century
Wood duck,Chenonetta jubata,0,Birds,Bird populations in east central Illinois. Fluctuations variations and development over a half-century
Wood duck,Dendrocygna arborea,0,Birds,Bird populations in east central Illinois. Fluctuations variations and development over a half-century
Yellow Warbler,Calamonastides gracilirostris,0,Birds,Transect bird survey with data synthesis from multiple transects in the central Arizona-Phoenix area period 1998 to 2000
Yellow Warbler,Calamonastides gracilirostris,0,Birds,Bird populations in east central Illinois. Fluctuations variations and development over a half-century
Yellow Warbler,Chloropeta gracilirostris,0,Birds,Transect bird survey with data synthesis from multiple transects in the central Arizona-Phoenix area period 1998 to 2000
Yellow Warbler,Chloropeta gracilirostris,0,Birds,Bird populations in east central Illinois. Fluctuations variations and development over a half-century
Yellow Warbler,Dendroica petechia,0,Birds,Transect bird survey with data synthesis from multiple transects in the central Arizona-Phoenix area period 1998 to 2000
Yellow Warbler,Dendroica petechia,0,Birds,Bird populations in east central Illinois. Fluctuations variations and development over a half-century
Yellow Warbler,Iduna natalensis,0,Birds,Transect bird survey with data synthesis from multiple transects in the central Arizona-Phoenix area period 1998 to 2000
Yellow Warbler,Iduna natalensis,0,Birds,Bird populations in east central Illinois. Fluctuations variations and development over a half-century
Yellow Warbler,Iduna similis,0,Birds,Transect bird survey with data synthesis from multiple transects in the central Arizona-Phoenix area period 1998 to 2000
Yellow Warbler,Iduna similis,0,Birds,Bird populations in east central Illinois. Fluctuations variations and development over a half-century
Yellow Warbler,Persea borbonia,0,Birds,Transect bird survey with data synthesis from multiple transects in the central Arizona-Phoenix area period 1998 to 2000
Yellow Warbler,Persea borbonia,0,Birds,Bird populations in east central Illinois. Fluctuations variations and development over a half-century
Yellow Warbler,Setophaga aestiva,0,Birds,Transect bird survey with data synthesis from multiple transects in the central Arizona-Phoenix area period 1998 to 2000
Yellow Warbler,Setophaga aestiva,0,Birds,Bird populations in east central Illinois. Fluctuations variations and development over a half-century
Yellow Warbler,Setophaga petechia,0,Birds,Transect bird survey with data synthesis from multiple transects in the central Arizona-Phoenix area period 1998 to 2000
Yellow Warbler,Setophaga petechia,1,Birds,Bird populations in east central Illinois. Fluctuations variations and development over a half-century
Yellow-throated Warbler,Acer rubrum,0,Birds,Bird community dynamics in a temperate deciduous forest Long-term trends at Hubbard Brook
Yellow-throated Warbler,Acer rubrum,0,Birds,Transect bird survey with data synthesis from multiple transects in the central Arizona-Phoenix area period 1998 to 2000
Yellow-throated Warbler,Acer rubrum,0,Birds,Bird populations in east central Illinois. Fluctuations variations and development over a half-century
Yellow-throated Warbler,Phylloscopus ruficapilla,0,Birds,Bird community dynamics in a temperate deciduous forest Long-term trends at Hubbard Brook
Yellow-throated Warbler,Phylloscopus ruficapilla,0,Birds,Transect bird survey with data synthesis from multiple transects in the central Arizona-Phoenix area period 1998 to 2000
Yellow-throated Warbler,Phylloscopus ruficapilla,0,Birds,Bird populations in east central Illinois. Fluctuations variations and development over a half-century
Yellow-throated Warbler,Setophaga dominica,1,Birds,Bird community dynamics in a temperate deciduous forest Long-term trends at Hubbard Brook
Yellow-throated Warbler,Setophaga dominica,0,Birds,Transect bird survey with data synthesis from multiple transects in the central Arizona-Phoenix area period 1998 to 2000
Yellow-throated Warbler,Setophaga dominica,0,Birds,Bird populations in east central Illinois. Fluctuations variations and development over a half-century
