usageKey,scientificName,canonicalName,rank,status,confidence,matchType,kingdom,phylum,order,family,genus,species,kingdomKey,phylumKey,classKey,orderKey,familyKey,genusKey,speciesKey,synonym,class,submittedname,matchcategory,note,acceptedUsageKey
7341587,"Melozone aberti (S.F.Baird, 1852)",Melozone aberti,SPECIES,ACCEPTED,98,EXACT,Animalia,Chordata,Passeriformes,Emberizidae,Melozone,Melozone aberti,1,44,212,729,9608,2491170,7341587,FALSE,Aves,Melozone aberti,Top,NA,NA
5231640,"Spinus tristis (Linnaeus, 1758)",Spinus tristis,SPECIES,ACCEPTED,98,EXACT,Animalia,Chordata,Passeriformes,Fringillidae,Spinus,Spinus tristis,1,44,212,729,5242,8051475,5231640,FALSE,Aves,Spinus tristis,Top,NA,NA
1040498,"Stenus tristis Casey, 1884",Stenus tristis,SPECIES,ACCEPTED,0,FUZZY,Animalia,Arthropoda,Coleoptera,Staphylinidae,Stenus,Stenus tristis,1,54,216,1470,7854,9025291,1040498,FALSE,Insecta,Spinus tristis,Alternative,Similarity: name=-10; authorship=0; classification=-2; rank=5; status=1,NA
11002037,"Stenus tristis Casey, 1884",Stenus tristis,SPECIES,SYNONYM,0,FUZZY,Animalia,Arthropoda,Coleoptera,Staphylinidae,Stenus,Stenus tristis,1,54,216,1470,7854,9025291,1040498,TRUE,Insecta,Spinus tristis,Alternative,Similarity: name=-10; authorship=0; classification=-2; rank=5; status=0,1040498
8872579,"Sunius tristis Erichson, 1840",Sunius tristis,SPECIES,SYNONYM,0,FUZZY,Animalia,Arthropoda,Coleoptera,Staphylinidae,Astenus,Astenus tristis,1,54,216,1470,7854,5431102,5746478,TRUE,Insecta,Spinus tristis,Alternative,Similarity: name=-10; authorship=0; classification=-2; rank=5; status=0,5746478
2498154,"Anas americana Gmelin, 1789",Anas americana,SPECIES,ACCEPTED,98,EXACT,Animalia,Chordata,Anseriformes,Anatidae,Anas,Anas americana,1,44,212,1108,2986,2498056,2498154,FALSE,Aves,Anas americana,Top,NA,NA
5152729,"Anapus americanus Knight, 1959",Anapus americanus,SPECIES,ACCEPTED,69,FUZZY,Animalia,Arthropoda,Hemiptera,Miridae,Anapus,Anapus americanus,1,54,216,809,4319,2010104,5152729,FALSE,Insecta,Anas americana,Alternative,Similarity: name=65; authorship=0; classification=-2; rank=5; status=1,NA
9273909,"Abax americanus (Dejean, 1828)",Abax americanus,SPECIES,SYNONYM,0,FUZZY,Animalia,Arthropoda,Coleoptera,Carabidae,Cyclotrachelus,Cyclotrachelus sigillatus,1,54,216,1470,3792,5431138,7869349,TRUE,Insecta,Anas americana,Alternative,Similarity: name=-10; authorship=0; classification=-2; rank=5; status=0,7869349
8002839,Alnus americana (Regel) Czerep.,Alnus americana,SPECIES,SYNONYM,0,FUZZY,Plantae,Tracheophyta,Fagales,Betulaceae,Alnus,Alnus incana,6,7707728,220,1354,4688,2876099,9148577,TRUE,Magnoliopsida,Anas americana,Alternative,Similarity: name=-10; authorship=0; classification=-2; rank=5; status=0,2876469
2876475,Alnus americana K.Koch,Alnus americana,SPECIES,SYNONYM,0,FUZZY,Plantae,Tracheophyta,Fagales,Betulaceae,Alnus,Alnus serrulata,6,7707728,220,1354,4688,2876099,2876528,TRUE,Magnoliopsida,Anas americana,Alternative,Similarity: name=-10; authorship=0; classification=-2; rank=5; status=0,2876528
8162966,"Argas americana Packard, 1873",Argas americana,SPECIES,SYNONYM,0,FUZZY,Animalia,Arthropoda,Ixodida,Argasidae,Argas,Argas radiatus,1,54,NA,1425,9168,2184982,2184893,TRUE,NA,Anas americana,Alternative,Similarity: name=-10; authorship=0; classification=-2; rank=5; status=0,2184893
2184407,"Argas americana Townsend, 1893",Argas americana,SPECIES,SYNONYM,0,FUZZY,Animalia,Arthropoda,Ixodida,Argasidae,Otobius,Otobius megnini,1,54,NA,1425,9168,2184399,2184404,TRUE,NA,Anas americana,Alternative,Similarity: name=-10; authorship=0; classification=-2; rank=5; status=0,2184404
8865446,"Acus americana Plumier, 1803",Acus americana,SPECIES,DOUBTFUL,0,FUZZY,Animalia,Chordata,Perciformes,Sphyraenidae,Sphyraena,Acus americana,1,44,204,587,5069,2369201,8865446,FALSE,Actinopterygii,Anas americana,Alternative,Similarity: name=-10; authorship=0; classification=-2; rank=5; status=-5,NA
2433472,"Arctocephalus gazella (Peters, 1875)",Arctocephalus gazella,SPECIES,ACCEPTED,98,EXACT,Animalia,Chordata,Carnivora,Otariidae,Arctocephalus,Arctocephalus gazella,1,44,359,732,5309,2433469,2433472,FALSE,Mammalia,Arctocephalus gazella,Top,NA,NA
2497541,"Strix varia Barton, 1799",Strix varia,SPECIES,ACCEPTED,98,EXACT,Animalia,Chordata,Strigiformes,Strigidae,Strix,Strix varia,1,44,212,1450,9348,2497486,2497541,FALSE,Aves,Strix varia,Top,NA,NA
8982932,"Strix badia Horsfield, 1821",Strix badia,SPECIES,SYNONYM,8,FUZZY,Animalia,Chordata,Strigiformes,Tytonidae,Phodilus,Phodilus badius,1,44,212,1450,5292,2497971,2497972,TRUE,Aves,Strix varia,Alternative,Similarity: name=5; authorship=0; classification=-2; rank=5; status=0,2497972
5581764,Salix ×varia Heslop Harrison,Salix varia,SPECIES,ACCEPTED,0,FUZZY,Plantae,Tracheophyta,Malpighiales,Salicaceae,Salix,Salix varia,6,7707728,220,1414,6664,3039576,5581764,FALSE,Magnoliopsida,Strix varia,Alternative,Similarity: name=-10; authorship=0; classification=-2; rank=5; status=1,NA
8015065,Salix varia Host,Salix varia,SPECIES,SYNONYM,0,FUZZY,Plantae,Tracheophyta,Malpighiales,Salicaceae,Salix,Salix triandra,6,7707728,220,1414,6664,3039576,7103891,TRUE,Magnoliopsida,Strix varia,Alternative,Similarity: name=-10; authorship=0; classification=-2; rank=5; status=0,7266493
2493843,"Thryomanes bewickii (Audubon, 1827)",Thryomanes bewickii,SPECIES,ACCEPTED,98,EXACT,Animalia,Chordata,Passeriformes,Troglodytidae,Thryomanes,Thryomanes bewickii,1,44,212,729,9355,2493841,2493843,FALSE,Aves,Thryomanes bewickii,Top,NA,NA
2481410,"Thalassarche melanophris (Temminck, 1828)",Thalassarche melanophris,SPECIES,ACCEPTED,98,EXACT,Animalia,Chordata,Procellariiformes,Diomedeidae,Thalassarche,Thalassarche melanophris,1,44,212,7192755,5238,2481398,2481410,FALSE,Aves,Thalassarche melanophris,Top,NA,NA
2481413,"Thalassarche melanophrys (Temminck, 1828)",Thalassarche melanophrys,SPECIES,SYNONYM,94,FUZZY,Animalia,Chordata,Procellariiformes,Diomedeidae,Thalassarche,Thalassarche melanophris,1,44,212,7192755,5238,2481398,2481410,TRUE,Aves,Thalassarche melanophris,Alternative,Similarity: name=100; authorship=0; classification=-2; rank=5; status=0,2481410
2487805,"Poecile atricapillus (Linnaeus, 1766)",Poecile atricapillus,SPECIES,ACCEPTED,98,EXACT,Animalia,Chordata,Passeriformes,Paridae,Poecile,Poecile atricapillus,1,44,212,729,9327,2487782,2487805,FALSE,Aves,Poecile atricapillus,Top,NA,NA
5230862,"Passerina caerulea (Linnaeus, 1758)",Passerina caerulea,SPECIES,ACCEPTED,98,EXACT,Animalia,Chordata,Passeriformes,Cardinalidae,Passerina,Passerina caerulea,1,44,212,729,9285,2490326,5230862,FALSE,Aves,Passerina caerulea,Top,NA,NA
9581157,"Certhia americana Bonaparte, 1838",Certhia americana,SPECIES,ACCEPTED,98,EXACT,Animalia,Chordata,Passeriformes,Certhiidae,Certhia,Certhia americana,1,44,212,729,5227,2487601,9581157,FALSE,Aves,Certhia americana,Top,NA,NA
2494988,"Psaltriparus minimus (J.K.Townsend, 1837)",Psaltriparus minimus,SPECIES,ACCEPTED,98,EXACT,Animalia,Chordata,Passeriformes,Aegithalidae,Psaltriparus,Psaltriparus minimus,1,44,212,729,2878,2494987,2494988,FALSE,Aves,Psaltriparus minimus,Top,NA,NA
7341622,"Melozone fusca (Swainson, 1827)",Melozone fusca,SPECIES,ACCEPTED,98,EXACT,Animalia,Chordata,Passeriformes,Emberizidae,Melozone,Melozone fusca,1,44,212,729,9608,2491170,7341622,FALSE,Aves,Melozone fusca,Top,NA,NA
2490384,"Cardinalis cardinalis (Linnaeus, 1758)",Cardinalis cardinalis,SPECIES,ACCEPTED,98,EXACT,Animalia,Chordata,Passeriformes,Cardinalidae,Cardinalis,Cardinalis cardinalis,1,44,212,729,9285,3241527,2490384,FALSE,Aves,Cardinalis cardinalis,Top,NA,NA
2487844,"Poecile carolinensis (Audubon, 1834)",Poecile carolinensis,SPECIES,ACCEPTED,98,EXACT,Animalia,Chordata,Passeriformes,Paridae,Poecile,Poecile carolinensis,1,44,212,729,9327,2487782,2487844,FALSE,Aves,Poecile carolinensis,Top,NA,NA
2484609,"Bombycilla cedrorum Vieillot, 1808",Bombycilla cedrorum,SPECIES,ACCEPTED,98,EXACT,Animalia,Chordata,Passeriformes,Bombycillidae,Bombycilla,Bombycilla cedrorum,1,44,212,729,5215,2484604,2484609,FALSE,Aves,Bombycilla cedrorum,Top,NA,NA
6093350,"Setophaga cerulea (A.Wilson, 1810)",Setophaga cerulea,SPECIES,ACCEPTED,98,EXACT,Animalia,Chordata,Passeriformes,Parulidae,Setophaga,Setophaga cerulea,1,44,212,729,5263,2489984,6093350,FALSE,Aves,Setophaga cerulea,Top,NA,NA
2498139,"Anas cyanoptera Vieillot, 1816",Anas cyanoptera,SPECIES,ACCEPTED,98,EXACT,Animalia,Chordata,Anseriformes,Anatidae,Anas,Anas cyanoptera,1,44,212,1108,2986,2498056,2498139,FALSE,Aves,Anas cyanoptera,Top,NA,NA
2489169,"Petrochelidon pyrrhonota (Vieillot, 1817)",Petrochelidon pyrrhonota,SPECIES,ACCEPTED,98,EXACT,Animalia,Chordata,Passeriformes,Hirundinidae,Petrochelidon,Petrochelidon pyrrhonota,1,44,212,729,5248,2489165,2489169,FALSE,Aves,Petrochelidon pyrrhonota,Top,NA,NA
2479977,"Nymphicus hollandicus (Kerr, 1792)",Nymphicus hollandicus,SPECIES,ACCEPTED,98,EXACT,Animalia,Chordata,Psittaciformes,Psittacidae,Nymphicus,Nymphicus hollandicus,1,44,212,1445,9340,2479976,2479977,FALSE,Aves,Nymphicus hollandicus,Top,NA,NA
2494303,"Serinus canaria (Linnaeus, 1758)",Serinus canaria,SPECIES,ACCEPTED,98,EXACT,Animalia,Chordata,Passeriformes,Fringillidae,Serinus,Serinus canaria,1,44,212,729,5242,8215044,2494303,FALSE,Aves,Serinus canaria,Top,NA,NA
5231630,"Acanthis flammea (Linnaeus, 1758)",Acanthis flammea,SPECIES,ACCEPTED,98,EXACT,Animalia,Chordata,Passeriformes,Fringillidae,Acanthis,Acanthis flammea,1,44,212,729,5242,6782561,5231630,FALSE,Aves,Acanthis flammea,Top,NA,NA
2481819,"Gallinago gallinago (Linnaeus, 1758)",Gallinago gallinago,SPECIES,ACCEPTED,98,EXACT,Animalia,Chordata,Charadriiformes,Scolopacidae,Gallinago,Gallinago gallinago,1,44,212,7192402,5282,2481808,2481819,FALSE,Aves,Gallinago gallinago,Top,NA,NA
2434762,"Lobodon carcinophaga (Hombron & Jacquinot, 1842)",Lobodon carcinophaga,SPECIES,ACCEPTED,98,EXACT,Animalia,Chordata,Carnivora,Phocidae,Lobodon,Lobodon carcinophaga,1,44,359,732,5310,2434761,2434762,FALSE,Mammalia,Lobodon carcinophaga,Top,NA,NA
2434763,"Lobodon carcinophagus (Hombron & Jacquinot, 1842)",Lobodon carcinophagus,SPECIES,SYNONYM,94,FUZZY,Animalia,Chordata,Carnivora,Phocidae,Lobodon,Lobodon carcinophaga,1,44,359,732,5310,2434761,2434762,TRUE,Mammalia,Lobodon carcinophaga,Alternative,Similarity: name=100; authorship=0; classification=-2; rank=5; status=0,2434762
9149595,"Dryobates pubescens (Linnaeus, 1766)",Dryobates pubescens,SPECIES,SYNONYM,98,EXACT,Animalia,Chordata,Piciformes,Picidae,Picoides,Picoides pubescens,1,44,212,724,9333,2477732,2477781,TRUE,Aves,Dryobates pubescens,Top,NA,2477781
2482803,"Empidonax oberholseri A.R.Phillips, 1939",Empidonax oberholseri,SPECIES,ACCEPTED,98,EXACT,Animalia,Chordata,Passeriformes,Tyrannidae,Empidonax,Empidonax oberholseri,1,44,212,729,5291,2482766,2482803,FALSE,Aves,Empidonax oberholseri,Top,NA,NA
8000602,"Mareca penelope (Linnaeus, 1758)",Mareca penelope,SPECIES,SYNONYM,98,EXACT,Animalia,Chordata,Anseriformes,Anatidae,Anas,Anas penelope,1,44,212,1108,2986,2498056,2498111,TRUE,Aves,Mareca penelope,Top,NA,2498111
2494324,"Hesperiphona vespertina (W.Cooper, 1825)",Hesperiphona vespertina,SPECIES,ACCEPTED,98,EXACT,Animalia,Chordata,Passeriformes,Fringillidae,Hesperiphona,Hesperiphona vespertina,1,44,212,729,5242,8346747,2494324,FALSE,Aves,Hesperiphona vespertina,Top,NA,NA
2440718,"Balaenoptera physalus (Linnaeus, 1758)",Balaenoptera physalus,SPECIES,ACCEPTED,98,EXACT,Animalia,Chordata,Cetacea,Balaenopteridae,Balaenoptera,Balaenoptera physalus,1,44,359,733,5313,2440708,2440718,FALSE,Mammalia,Balaenoptera physalus,Top,NA,NA
9512414,"Balaenoptera physalis (Linnaeus, 1758)",Balaenoptera physalis,SPECIES,SYNONYM,90,FUZZY,Animalia,Chordata,Cetacea,Balaenopteridae,Balaenoptera,Balaenoptera physalus,1,44,359,733,5313,2440708,2440718,TRUE,Mammalia,Balaenoptera physalus,Alternative,Similarity: name=90; authorship=0; classification=-2; rank=5; status=0,2440718
2491872,"Passerella iliaca (Merrem, 1786)",Passerella iliaca,SPECIES,ACCEPTED,98,EXACT,Animalia,Chordata,Passeriformes,Emberizidae,Passerella,Passerella iliaca,1,44,212,729,9608,2491871,2491872,FALSE,Aves,Passerella iliaca,Top,NA,NA
9752617,"Ardea alba Linnaeus, 1758",Ardea alba,SPECIES,ACCEPTED,97,EXACT,Animalia,Chordata,Pelecaniformes,Ardeidae,Ardea,Ardea alba,1,44,212,7190953,3685,2480922,9752617,FALSE,Aves,Ardea alba,Top,NA,NA
2480943,"Ardea alba Christidis & Boles, 1994",Ardea alba,SPECIES,SYNONYM,97,EXACT,Animalia,Chordata,Pelecaniformes,Ardeidae,Ardea,Ardea alba,1,44,212,7190953,3685,2480922,9752617,TRUE,Aves,Ardea alba,Alternative,Similarity: name=110; authorship=0; classification=-2; rank=5; status=0,9752617
11083948,"Ardea alba Sacc, 2005",Ardea alba,SPECIES,SYNONYM,97,EXACT,Animalia,Chordata,Pelecaniformes,Ardeidae,Ardea,Ardea alba,1,44,212,7190953,3685,2480922,9752617,TRUE,Aves,Ardea alba,Alternative,Similarity: name=110; authorship=0; classification=-2; rank=5; status=0,9752617
2480824,"Butorides striata (Linnaeus, 1758)",Butorides striata,SPECIES,ACCEPTED,98,EXACT,Animalia,Chordata,Pelecaniformes,Ardeidae,Butorides,Butorides striata,1,44,212,7190953,3685,2480817,2480824,FALSE,Aves,Butorides striata,Top,NA,NA
2480825,"Butorides striatus (Linnaeus, 1758)",Butorides striatus,SPECIES,SYNONYM,94,FUZZY,Animalia,Chordata,Pelecaniformes,Ardeidae,Butorides,Butorides striata,1,44,212,7190953,3685,2480817,2480824,TRUE,Aves,Butorides striata,Alternative,Similarity: name=100; authorship=0; classification=-2; rank=5; status=0,2480824
2477741,"Picoides villosus (Linnaeus, 1766)",Picoides villosus,SPECIES,ACCEPTED,98,EXACT,Animalia,Chordata,Piciformes,Picidae,Picoides,Picoides villosus,1,44,212,724,9333,2477732,2477741,FALSE,Aves,Picoides villosus,Top,NA,NA
4848480,"Larus smithsonianus Coues, 1862",Larus smithsonianus,SPECIES,ACCEPTED,98,EXACT,Animalia,Chordata,Charadriiformes,Laridae,Larus,Larus smithsonianus,1,44,212,7192402,9316,2481126,4848480,FALSE,Aves,Larus smithsonianus,Top,NA,NA
5229882,"Icterus cucullatus Swainson, 1827",Icterus cucullatus,SPECIES,ACCEPTED,98,EXACT,Animalia,Chordata,Passeriformes,Icteridae,Icterus,Icterus cucullatus,1,44,212,729,6176,2484282,5229882,FALSE,Aves,Icterus cucullatus,Top,NA,NA
9415596,"Eremophila alpestris (Linnaeus, 1758)",Eremophila alpestris,SPECIES,ACCEPTED,98,EXACT,Animalia,Chordata,Passeriformes,Alaudidae,Eremophila,Eremophila alpestris,1,44,212,729,7211,2490615,9415596,FALSE,Aves,Eremophila alpestris,Top,NA,NA
4287157,"Eromophila alpestris (Linnaeus, 1758)",Eromophila alpestris,SPECIES,SYNONYM,78,FUZZY,Animalia,Chordata,Passeriformes,Alaudidae,Eremophila,Eremophila alpestris,1,44,212,729,7211,2490615,9415596,TRUE,Aves,Eremophila alpestris,Alternative,Similarity: name=75; authorship=0; classification=-2; rank=5; status=0,9415596
8323485,"Haemorhous mexicanus (P.L.Statius Müller, 1776)",Haemorhous mexicanus,SPECIES,ACCEPTED,98,EXACT,Animalia,Chordata,Passeriformes,Fringillidae,Haemorhous,Haemorhous mexicanus,1,44,212,729,5242,4844128,8323485,FALSE,Aves,Haemorhous mexicanus,Top,NA,NA
6093586,"Geothlypis formosa (A.Wilson, 1811)",Geothlypis formosa,SPECIES,ACCEPTED,98,EXACT,Animalia,Chordata,Passeriformes,Parulidae,Geothlypis,Geothlypis formosa,1,44,212,729,5263,2489637,6093586,FALSE,Aves,Geothlypis formosa,Top,NA,NA
2440483,"Orcinus orca (Linnaeus, 1758)",Orcinus orca,SPECIES,ACCEPTED,98,EXACT,Animalia,Chordata,Cetacea,Delphinidae,Orcinus,Orcinus orca,1,44,359,733,5314,2440482,2440483,FALSE,Mammalia,Orcinus orca,Top,NA,NA
8959883,"Dryobates scalaris (Wagler, 1829)",Dryobates scalaris,SPECIES,SYNONYM,98,EXACT,Animalia,Chordata,Piciformes,Picidae,Picoides,Picoides scalaris,1,44,212,724,9333,2477732,2477813,TRUE,Aves,Dryobates scalaris,Top,NA,2477813
2481745,"Calidris minutilla (Vieillot, 1819)",Calidris minutilla,SPECIES,ACCEPTED,98,EXACT,Animalia,Chordata,Charadriiformes,Scolopacidae,Calidris,Calidris minutilla,1,44,212,7192402,5282,2481739,2481745,FALSE,Aves,Calidris minutilla,Top,NA,NA
9786750,"Calidris minutilla (Viellot, 1816)",Calidris minutilla,SPECIES,DOUBTFUL,95,EXACT,Animalia,Chordata,Charadriiformes,Scolopacidae,Calidris,Calidris minutilla,1,44,212,7192402,5282,9769038,9786750,FALSE,Aves,Calidris minutilla,Alternative,Similarity: name=110; authorship=0; classification=-2; rank=5; status=-5,NA
2481749,"Calidris minuta (Leisler, 1812)",Calidris minuta,SPECIES,ACCEPTED,90,FUZZY,Animalia,Chordata,Charadriiformes,Scolopacidae,Calidris,Calidris minuta,1,44,212,7192402,5282,2481739,2481749,FALSE,Aves,Calidris minutilla,Alternative,Similarity: name=90; authorship=0; classification=-2; rank=5; status=1,NA
5789285,"Sternula antillarum Lesson, 1847",Sternula antillarum,SPECIES,ACCEPTED,98,EXACT,Animalia,Chordata,Charadriiformes,Laridae,Sternula,Sternula antillarum,1,44,212,7192402,9316,4849628,5789285,FALSE,Aves,Sternula antillarum,Top,NA,NA
5229235,"Sterna antillarum (Lesson, 1847)",Sterna antillarum,SPECIES,SYNONYM,68,FUZZY,Animalia,Chordata,Charadriiformes,Laridae,Sternula,Sternula antillarum,1,44,212,7192402,9316,4849628,5789285,TRUE,Aves,Sternula antillarum,Alternative,Similarity: name=65; authorship=0; classification=-2; rank=5; status=0,5789285
5231647,"Spinus psaltria (Say, 1822)",Spinus psaltria,SPECIES,ACCEPTED,98,EXACT,Animalia,Chordata,Passeriformes,Fringillidae,Spinus,Spinus psaltria,1,44,212,729,5242,8051475,5231647,FALSE,Aves,Spinus psaltria,Top,NA,NA
6093862,"Parkesia motacilla (Vieillot, 1809)",Parkesia motacilla,SPECIES,ACCEPTED,98,EXACT,Animalia,Chordata,Passeriformes,Parulidae,Parkesia,Parkesia motacilla,1,44,212,729,5263,6093857,6093862,FALSE,Aves,Parkesia motacilla,Top,NA,NA
8293756,"Leiothlypis luciae (J.G.Cooper, 1861)",Leiothlypis luciae,SPECIES,ACCEPTED,98,EXACT,Animalia,Chordata,Passeriformes,Parulidae,Leiothlypis,Leiothlypis luciae,1,44,212,729,5263,7467942,8293756,FALSE,Aves,Leiothlypis luciae,Top,NA,NA
5789146,"Geothlypis tolmiei (J.K.Townsend, 1839)",Geothlypis tolmiei,SPECIES,ACCEPTED,98,EXACT,Animalia,Chordata,Passeriformes,Parulidae,Geothlypis,Geothlypis tolmiei,1,44,212,729,5263,2489637,5789146,FALSE,Aves,Geothlypis tolmiei,Top,NA,NA
6093209,"Setophaga magnolia (A.Wilson, 1811)",Setophaga magnolia,SPECIES,ACCEPTED,98,EXACT,Animalia,Chordata,Passeriformes,Parulidae,Setophaga,Setophaga magnolia,1,44,212,729,5263,2489984,6093209,FALSE,Aves,Setophaga magnolia,Top,NA,NA
9761484,"Anas platyrhynchos Linnaeus, 1758",Anas platyrhynchos,SPECIES,ACCEPTED,98,EXACT,Animalia,Chordata,Anseriformes,Anatidae,Anas,Anas platyrhynchos,1,44,212,1108,2986,2498056,9761484,FALSE,Aves,Anas platyrhynchos,Top,NA,NA
8013008,"Anas platyrhyncha Lönnberg, 1906",Anas platyrhyncha,SPECIES,ACCEPTED,90,FUZZY,Animalia,Chordata,Anseriformes,Anatidae,Anas,Anas platyrhyncha,1,44,212,1108,2986,2498056,8013008,FALSE,Aves,Anas platyrhynchos,Alternative,Similarity: name=90; authorship=0; classification=-2; rank=5; status=1,NA
2440728,"Balaenoptera acutorostrata Lacépède, 1804",Balaenoptera acutorostrata,SPECIES,ACCEPTED,98,EXACT,Animalia,Chordata,Cetacea,Balaenopteridae,Balaenoptera,Balaenoptera acutorostrata,1,44,359,733,5313,2440708,2440728,FALSE,Mammalia,Balaenoptera acutorostrata,Top,NA,NA
4352213,"Balaenoptera acuturostrata Lacépède, 1804",Balaenoptera acuturostrata,SPECIES,SYNONYM,92,FUZZY,Animalia,Chordata,Cetacea,Balaenopteridae,Balaenoptera,Balaenoptera acutorostrata,1,44,359,733,5313,2440708,2440728,TRUE,Mammalia,Balaenoptera acutorostrata,Alternative,Similarity: name=95; authorship=0; classification=-2; rank=5; status=0,2440728
5231677,"Mimus polyglottos (Linnaeus, 1758)",Mimus polyglottos,SPECIES,ACCEPTED,98,EXACT,Animalia,Chordata,Passeriformes,Mimidae,Mimus,Mimus polyglottos,1,44,212,729,9321,2494919,5231677,FALSE,Aves,Mimus polyglottos,Top,NA,NA
6098967,"Mimus polyglottus (Linnaeus, 1758)",Mimus polyglottus,SPECIES,SYNONYM,90,FUZZY,Animalia,Chordata,Passeriformes,Mimidae,Mimus,Mimus polyglottos,1,44,212,729,9321,2494919,5231677,TRUE,Aves,Mimus polyglottos,Alternative,Similarity: name=90; authorship=0; classification=-2; rank=5; status=0,5231677
2495347,"Zenaida macroura (Linnaeus, 1758)",Zenaida macroura,SPECIES,ACCEPTED,98,EXACT,Animalia,Chordata,Columbiformes,Columbidae,Zenaida,Zenaida macroura,1,44,212,1446,5233,2495346,2495347,FALSE,Aves,Zenaida macroura,Top,NA,NA
9747179,"Zenaidura macroura (Linnaeus, 1758)",Zenaidura macroura,SPECIES,SYNONYM,68,FUZZY,Animalia,Chordata,Columbiformes,Columbidae,Zenaida,Zenaida macroura,1,44,212,1446,5233,2495346,2495347,TRUE,Aves,Zenaida macroura,Alternative,Similarity: name=65; authorship=0; classification=-2; rank=5; status=0,2495347
7531611,"Leiothlypis ruficapilla (A.Wilson, 1811)",Leiothlypis ruficapilla,SPECIES,ACCEPTED,98,EXACT,Animalia,Chordata,Passeriformes,Parulidae,Leiothlypis,Leiothlypis ruficapilla,1,44,212,729,5263,7467942,7531611,FALSE,Aves,Leiothlypis ruficapilla,Top,NA,NA
6101217,"Circus hudsonius (Linnaeus, 1766)",Circus hudsonius,SPECIES,SYNONYM,98,EXACT,Animalia,Chordata,Accipitriformes,Accipitridae,Circus,Circus cyaneus,1,44,212,7191147,2877,2480481,2480487,TRUE,Aves,Circus hudsonius,Top,NA,5229175
9748252,"Corvus hudsonia (Sabine, 1823)",Corvus hudsonia,SPECIES,SYNONYM,0,FUZZY,Animalia,Chordata,Passeriformes,Corvidae,Pica,Pica hudsonia,1,44,212,729,5235,7237083,5229487,TRUE,Aves,Circus hudsonius,Alternative,Similarity: name=-10; authorship=0; classification=-2; rank=5; status=0,5229487
2498089,"Anas clypeata Linnaeus, 1758",Anas clypeata,SPECIES,ACCEPTED,98,EXACT,Animalia,Chordata,Anseriformes,Anatidae,Anas,Anas clypeata,1,44,212,1108,2986,2498056,2498089,FALSE,Aves,Anas clypeata,Top,NA,NA
4495032,"Apis clypeata Schreber, 1759",Apis clypeata,SPECIES,SYNONYM,0,FUZZY,Animalia,Arthropoda,Hymenoptera,Crabronidae,Lestica,Lestica clypeata,1,54,216,1457,7906,4298230,4495031,TRUE,Insecta,Anas clypeata,Alternative,Similarity: name=-10; authorship=0; classification=-2; rank=5; status=0,4495031
8169649,"Leiothlypis celata (Say, 1822)",Leiothlypis celata,SPECIES,ACCEPTED,98,EXACT,Animalia,Chordata,Passeriformes,Parulidae,Leiothlypis,Leiothlypis celata,1,44,212,729,5263,7467942,8169649,FALSE,Aves,Leiothlypis celata,Top,NA,NA
2479122,"Aratinga canicularis (Linnaeus, 1758)",Aratinga canicularis,SPECIES,ACCEPTED,98,EXACT,Animalia,Chordata,Psittaciformes,Psittacidae,Aratinga,Aratinga canicularis,1,44,212,1445,9340,2479088,2479122,FALSE,Aves,Aratinga canicularis,Top,NA,NA
5788498,"Pandion cristatus (Vieillot, 1816)",Pandion cristatus,SPECIES,ACCEPTED,98,EXACT,Animalia,Chordata,Accipitriformes,Pandionidae,Pandion,Pandion cristatus,1,44,212,7191147,4408414,2480725,5788498,FALSE,Aves,Pandion cristatus,Top,NA,NA
2492885,"Phainopepla nitens (Swainson, 1838)",Phainopepla nitens,SPECIES,ACCEPTED,98,EXACT,Animalia,Chordata,Passeriformes,Ptilogonatidae,Phainopepla,Phainopepla nitens,1,44,212,729,5275,2492884,2492885,FALSE,Aves,Phainopepla nitens,Top,NA,NA
2482077,"Podilymbus podiceps (Linnaeus, 1758)",Podilymbus podiceps,SPECIES,ACCEPTED,98,EXACT,Animalia,Chordata,Podicipediformes,Podicipedidae,Podilymbus,Podilymbus podiceps,1,44,212,7191588,9338,2482075,2482077,FALSE,Aves,Podilymbus podiceps,Top,NA,NA
2440596,"Globicephala melas (Traill, 1809)",Globicephala melas,SPECIES,ACCEPTED,98,EXACT,Animalia,Chordata,Cetacea,Delphinidae,Globicephala,Globicephala melas,1,44,359,733,5314,2440595,2440596,FALSE,Mammalia,Globicephala melas,Top,NA,NA
4351738,"Globicephala mela Morice, 1958",Globicephala mela,SPECIES,SYNONYM,92,FUZZY,Animalia,Chordata,Cetacea,Delphinidae,Globicephala,Globicephala macrorhynchus,1,44,359,733,5314,2440595,2440605,TRUE,Mammalia,Globicephala melas,Alternative,Similarity: name=95; authorship=0; classification=-2; rank=5; status=0,2440605
4351718,"Globicephalus melas Flower, 1885",Globicephalus melas,SPECIES,SYNONYM,68,FUZZY,Animalia,Chordata,Cetacea,Delphinidae,Globicephala,Globicephala melas,1,44,359,733,5314,2440595,2440596,TRUE,Mammalia,Globicephala melas,Alternative,Similarity: name=65; authorship=0; classification=-2; rank=5; status=0,2440596
7804446,"Haemorhous purpureus (J.F.Gmelin, 1789)",Haemorhous purpureus,SPECIES,ACCEPTED,98,EXACT,Animalia,Chordata,Passeriformes,Fringillidae,Haemorhous,Haemorhous purpureus,1,44,212,729,5242,4844128,7804446,FALSE,Aves,Haemorhous purpureus,Top,NA,NA
2480542,"Buteo jamaicensis (Gmelin, 1788)",Buteo jamaicensis,SPECIES,ACCEPTED,98,EXACT,Animalia,Chordata,Accipitriformes,Accipitridae,Buteo,Buteo jamaicensis,1,44,212,7191147,2877,2480517,2480542,FALSE,Aves,Buteo jamaicensis,Top,NA,NA
9409198,"Agelaius phoeniceus (Linnaeus, 1766)",Agelaius phoeniceus,SPECIES,ACCEPTED,98,EXACT,Animalia,Chordata,Passeriformes,Icteridae,Agelaius,Agelaius phoeniceus,1,44,212,729,6176,2484444,9409198,FALSE,Aves,Agelaius phoeniceus,Top,NA,NA
2498263,"Aythya americana (Eyton, 1838)",Aythya americana,SPECIES,ACCEPTED,98,EXACT,Animalia,Chordata,Anseriformes,Anatidae,Aythya,Aythya americana,1,44,212,1108,2986,2498254,2498263,FALSE,Aves,Aythya americana,Top,NA,NA
9752149,"Phasianus colchicus Linnaeus, 1758",Phasianus colchicus,SPECIES,ACCEPTED,98,EXACT,Animalia,Chordata,Galliformes,Phasianidae,Phasianus,Phasianus colchicus,1,44,212,723,9331,2473738,9752149,FALSE,Aves,Phasianus colchicus,Top,NA,NA
5231483,"Salpinctes obsoletus (Say, 1822)",Salpinctes obsoletus,SPECIES,ACCEPTED,98,EXACT,Animalia,Chordata,Passeriformes,Troglodytidae,Salpinctes,Salpinctes obsoletus,1,44,212,729,9355,2493947,5231483,FALSE,Aves,Salpinctes obsoletus,Top,NA,NA
5231142,"Passerculus sandwichensis (J.F.Gmelin, 1789)",Passerculus sandwichensis,SPECIES,ACCEPTED,98,EXACT,Animalia,Chordata,Passeriformes,Emberizidae,Passerculus,Passerculus sandwichensis,1,44,212,729,9608,5231141,5231142,FALSE,Aves,Passerculus sandwichensis,Top,NA,NA
5232207,"Aegolius acadicus (J.F.Gmelin, 1788)",Aegolius acadicus,SPECIES,ACCEPTED,98,EXACT,Animalia,Chordata,Strigiformes,Strigidae,Aegolius,Aegolius acadicus,1,44,212,1450,9348,8095667,5232207,FALSE,Aves,Aegolius acadicus,Top,NA,NA
2488517,"Piranga olivacea (J.F.Gmelin, 1789)",Piranga olivacea,SPECIES,ACCEPTED,98,EXACT,Animalia,Chordata,Passeriformes,Cardinalidae,Piranga,Piranga olivacea,1,44,212,729,9285,2488483,2488517,FALSE,Aves,Piranga olivacea,Top,NA,NA
2497415,"Megascops asio (Linnaeus, 1758)",Megascops asio,SPECIES,ACCEPTED,98,EXACT,Animalia,Chordata,Strigiformes,Strigidae,Megascops,Megascops asio,1,44,212,1450,9348,2497318,2497415,FALSE,Aves,Megascops asio,Top,NA,NA
2481376,"Phoebetria fusca (Hilsenberg, 1822)",Phoebetria fusca,SPECIES,ACCEPTED,98,EXACT,Animalia,Chordata,Procellariiformes,Diomedeidae,Phoebetria,Phoebetria fusca,1,44,212,7192755,5238,2481373,2481376,FALSE,Aves,Phoebetria fusca,Top,NA,NA
9809229,"Sturnus vulgaris Linnaeus, 1758",Sturnus vulgaris,SPECIES,ACCEPTED,98,EXACT,Animalia,Chordata,Passeriformes,Sturnidae,Sturnus,Sturnus vulgaris,1,44,212,729,9350,2489099,9809229,FALSE,Aves,Sturnus vulgaris,Top,NA,NA
5212658,"Saurus vulgaris Cloquet, 1827",Saurus vulgaris,SPECIES,SYNONYM,68,FUZZY,Animalia,Chordata,Aulopiformes,Synodontidae,Synodus,Synodus saurus,1,44,204,497,2967,2352256,5212655,TRUE,Actinopterygii,Sturnus vulgaris,Alternative,Similarity: name=65; authorship=0; classification=-2; rank=5; status=0,5212655
10199205,"Stenus vulgaris Puthz, 1984",Stenus vulgaris,SPECIES,ACCEPTED,0,FUZZY,Animalia,Arthropoda,Coleoptera,Staphylinidae,Stenus,Stenus vulgaris,1,54,216,1470,7854,9025291,10199205,FALSE,Insecta,Sturnus vulgaris,Alternative,Similarity: name=-10; authorship=0; classification=-2; rank=5; status=1,NA
7415507,"Leiothlypis peregrina (A.Wilson, 1811)",Leiothlypis peregrina,SPECIES,ACCEPTED,98,EXACT,Animalia,Chordata,Passeriformes,Parulidae,Leiothlypis,Leiothlypis peregrina,1,44,212,729,5263,7467942,7415507,FALSE,Aves,Leiothlypis peregrina,Top,NA,NA
7357320,"Spizelloides arborea (A.Wilson, 1810)",Spizelloides arborea,SPECIES,ACCEPTED,98,EXACT,Animalia,Chordata,Passeriformes,Emberizidae,Spizelloides,Spizelloides arborea,1,44,212,729,9608,8175054,7357320,FALSE,Aves,Spizelloides arborea,Top,NA,NA
2487888,"Parus bicolor Linnaeus, 1766",Parus bicolor,SPECIES,SYNONYM,98,EXACT,Animalia,Chordata,Passeriformes,Paridae,Baeolophus,Baeolophus bicolor,1,44,212,729,9327,2487886,2487887,TRUE,Aves,Parus bicolor,Top,NA,2487887
5242025,Panus bicolor Mont.,Panus bicolor,SPECIES,SYNONYM,78,FUZZY,Fungi,Basidiomycota,Agaricales,Tricholomataceae,Resupinatus,Resupinatus dealbatus,5,34,186,1499,8787,2526696,2532260,TRUE,Agaricomycetes,Parus bicolor,Alternative,Similarity: name=75; authorship=0; classification=-2; rank=5; status=0,2532260
9596230,"Parnus bicolor Curtis, 1825",Parnus bicolor,SPECIES,SYNONYM,78,FUZZY,Animalia,Arthropoda,Coleoptera,Dryopidae,Dryops,Dryops auriculatus,1,54,216,1470,4732,1033449,6097323,TRUE,Insecta,Parus bicolor,Alternative,Similarity: name=75; authorship=0; classification=-2; rank=5; status=0,6097323
1535710,"Paragus bicolor (Fabricius, 1794)",Paragus bicolor,SPECIES,ACCEPTED,69,FUZZY,Animalia,Arthropoda,Diptera,Syrphidae,Paragus,Paragus bicolor,1,54,216,811,6920,1535699,1535710,FALSE,Insecta,Parus bicolor,Alternative,Similarity: name=65; authorship=0; classification=-2; rank=5; status=1,NA
5105578,"Parasa bicolor Walker, 1855",Parasa bicolor,SPECIES,ACCEPTED,69,FUZZY,Animalia,Arthropoda,Lepidoptera,Limacodidae,Parasa,Parasa bicolor,1,54,216,797,5474,1753224,5105578,FALSE,Insecta,Parus bicolor,Alternative,Similarity: name=65; authorship=0; classification=-2; rank=5; status=1,NA
2399351,"Parma bicolor Allen & Larson, 1979",Parma bicolor,SPECIES,ACCEPTED,69,FUZZY,Animalia,Chordata,Perciformes,Pomacentridae,Parma,Parma bicolor,1,44,204,587,4499,2399341,2399351,FALSE,Actinopterygii,Parus bicolor,Alternative,Similarity: name=65; authorship=0; classification=-2; rank=5; status=1,NA
2836459,Phaius bicolor Lindl.,Phaius bicolor,SPECIES,SYNONYM,0,FUZZY,Plantae,Tracheophyta,Asparagales,Orchidaceae,Phaius,Phaius wallichii,6,7707728,196,1169,7689,2836449,2836456,TRUE,Liliopsida,Parus bicolor,Alternative,Similarity: name=-10; authorship=0; classification=-2; rank=5; status=0,2836456
5284934,Pinus bicolor (Maxim.) Parl.,Pinus bicolor,SPECIES,SYNONYM,0,FUZZY,Plantae,Tracheophyta,Pinales,Pinaceae,Picea,Picea alcoquiana,6,7707728,194,640,3925,7606064,5284853,TRUE,Pinopsida,Parus bicolor,Alternative,Similarity: name=-10; authorship=0; classification=-2; rank=5; status=0,7230718
2487397,"Auriparus flaviceps (Sundevall, 1850)",Auriparus flaviceps,SPECIES,ACCEPTED,98,EXACT,Animalia,Chordata,Passeriformes,Remizidae,Auriparus,Auriparus flaviceps,1,44,212,729,9344,2487396,2487397,FALSE,Aves,Auriparus flaviceps,Top,NA,NA
8959307,"Pyrocephalus obscurus Gould, 1839",Pyrocephalus obscurus,SPECIES,ACCEPTED,98,EXACT,Animalia,Chordata,Passeriformes,Tyrannidae,Pyrocephalus,Pyrocephalus obscurus,1,44,212,729,5291,2483646,8959307,FALSE,Aves,Pyrocephalus obscurus,Top,NA,NA
6101178,"Antrostomus vociferus (A.Wilson, 1812)",Antrostomus vociferus,SPECIES,ACCEPTED,98,EXACT,Animalia,Chordata,Caprimulgiformes,Caprimulgidae,Antrostomus,Antrostomus vociferus,1,44,212,8510645,5225,4843144,6101178,FALSE,Aves,Antrostomus vociferus,Top,NA,NA
7341606,"Cardellina pusilla (A.Wilson, 1811)",Cardellina pusilla,SPECIES,ACCEPTED,98,EXACT,Animalia,Chordata,Passeriformes,Parulidae,Cardellina,Cardellina pusilla,1,44,212,729,5263,2489633,7341606,FALSE,Aves,Cardellina pusilla,Top,NA,NA
7340825,"Troglodytes hiemalis Vieillot, 1819",Troglodytes hiemalis,SPECIES,ACCEPTED,98,EXACT,Animalia,Chordata,Passeriformes,Troglodytidae,Troglodytes,Troglodytes hiemalis,1,44,212,729,9355,2493899,7340825,FALSE,Aves,Troglodytes hiemalis,Top,NA,NA
2498387,"Aix sponsa (Linnaeus, 1758)",Aix sponsa,SPECIES,ACCEPTED,98,EXACT,Animalia,Chordata,Anseriformes,Anatidae,Aix,Aix sponsa,1,44,212,1108,2986,2498386,2498387,FALSE,Aves,Aix sponsa,Top,NA,NA
7341834,"Setophaga petechia (Linnaeus, 1766)",Setophaga petechia,SPECIES,ACCEPTED,98,EXACT,Animalia,Chordata,Passeriformes,Parulidae,Setophaga,Setophaga petechia,1,44,212,729,5263,2489984,7341834,FALSE,Aves,Setophaga petechia,Top,NA,NA
7341800,"Setophaga dominica (Linnaeus, 1766)",Setophaga dominica,SPECIES,ACCEPTED,98,EXACT,Animalia,Chordata,Passeriformes,Parulidae,Setophaga,Setophaga dominica,1,44,212,729,5263,2489984,7341800,FALSE,Aves,Setophaga dominica,Top,NA,NA
2482802,"Empidonax virescens (Vieillot, 1818)",Empidonax virescens,SPECIES,ACCEPTED,98,EXACT,Animalia,Chordata,Passeriformes,Tyrannidae,Empidonax,Empidonax virescens,1,44,212,729,5291,2482766,2482802,FALSE,Aves,Empidonax virescens,Top,NA,NA
2481663,"Pygoscelis adeliae (Hombron & Jacquinot, 1841)",Pygoscelis adeliae,SPECIES,ACCEPTED,98,EXACT,Animalia,Chordata,Sphenisciformes,Spheniscidae,Pygoscelis,Pygoscelis adeliae,1,44,212,7190978,5284,2481662,2481663,FALSE,Aves,Pygoscelis adeliae,Top,NA,NA
9685907,"Falco sparverius Linnaeus, 1758",Falco sparverius,SPECIES,ACCEPTED,98,EXACT,Animalia,Chordata,Falconiformes,Falconidae,Falco,Falco sparverius,1,44,212,7191407,5240,2480996,9685907,FALSE,Aves,Falco sparverius,Top,NA,NA
2489985,"Setophaga ruticilla (Linnaeus, 1758)",Setophaga ruticilla,SPECIES,ACCEPTED,98,EXACT,Animalia,Chordata,Passeriformes,Parulidae,Setophaga,Setophaga ruticilla,1,44,212,729,5263,2489984,2489985,FALSE,Aves,Setophaga ruticilla,Top,NA,NA
9510564,"Turdus migratorius Linnaeus, 1766",Turdus migratorius,SPECIES,ACCEPTED,98,EXACT,Animalia,Chordata,Passeriformes,Turdidae,Turdus,Turdus migratorius,1,44,212,729,5290,2490714,9510564,FALSE,Aves,Turdus migratorius,Top,NA,NA
2481695,"Scolopax minor Gmelin, 1789",Scolopax minor,SPECIES,ACCEPTED,98,EXACT,Animalia,Chordata,Charadriiformes,Scolopacidae,Scolopax,Scolopax minor,1,44,212,7192402,5282,2481693,2481695,FALSE,Aves,Scolopax minor,Top,NA,NA
2481513,"Thalassoica antarctica (Gmelin, 1789)",Thalassoica antarctica,SPECIES,ACCEPTED,98,EXACT,Animalia,Chordata,Procellariiformes,Procellariidae,Thalassoica,Thalassoica antarctica,1,44,212,7192755,9339,2481512,2481513,FALSE,Aves,Thalassoica antarctica,Top,NA,NA
8297222,Thalassia antarctica (Labill.) F.Muell.,Thalassia antarctica,SPECIES,SYNONYM,68,FUZZY,Plantae,Tracheophyta,Alismatales,Cymodoceaceae,Amphibolis,Amphibolis antarctica,6,7707728,196,551,9640,2768016,2864119,TRUE,Liliopsida,Thalassoica antarctica,Alternative,Similarity: name=65; authorship=0; classification=-2; rank=5; status=0,2864119
5328527,Thalassia antarctica (Labill.) F.Muell. ex Asch.,Thalassia antarctica,SPECIES,SYNONYM,68,FUZZY,Plantae,Tracheophyta,Alismatales,Cymodoceaceae,Amphibolis,Amphibolis antarctica,6,7707728,196,551,9640,2768016,2864119,TRUE,Liliopsida,Thalassoica antarctica,Alternative,Similarity: name=65; authorship=0; classification=-2; rank=5; status=0,2864119
5229327,"Pachyptila desolata (Gmelin, 1789)",Pachyptila desolata,SPECIES,ACCEPTED,98,EXACT,Animalia,Chordata,Procellariiformes,Procellariidae,Pachyptila,Pachyptila desolata,1,44,212,7192755,9339,2481527,5229327,FALSE,Aves,Pachyptila desolata,Top,NA,NA
9606968,"Sterna vittata Gmelin, 1789",Sterna vittata,SPECIES,ACCEPTED,98,EXACT,Animalia,Chordata,Charadriiformes,Laridae,Sterna,Sterna vittata,1,44,212,7192402,9316,2481227,9606968,FALSE,Aves,Sterna vittata,Top,NA,NA
1560440,"Stegana vittata (Coquillett, 1901)",Stegana vittata,SPECIES,ACCEPTED,69,FUZZY,Animalia,Arthropoda,Diptera,Drosophilidae,Stegana,Stegana vittata,1,54,216,811,5547,1560383,1560440,FALSE,Insecta,Sterna vittata,Alternative,Similarity: name=65; authorship=0; classification=-2; rank=5; status=1,NA
5229219,"Sterna virgata Cabanis, 1875",Sterna virgata,SPECIES,ACCEPTED,9,FUZZY,Animalia,Chordata,Charadriiformes,Laridae,Sterna,Sterna virgata,1,44,212,7192402,9316,2481227,5229219,FALSE,Aves,Sterna vittata,Alternative,Similarity: name=5; authorship=0; classification=-2; rank=5; status=1,NA
5229230,"Sterna paradisaea Pontoppidan, 1763",Sterna paradisaea,SPECIES,ACCEPTED,98,EXACT,Animalia,Chordata,Charadriiformes,Laridae,Sterna,Sterna paradisaea,1,44,212,7192402,9316,2481227,5229230,FALSE,Aves,Sterna paradisaea,Top,NA,NA
2487441,"Vireo bellii Audubon, 1844",Vireo bellii,SPECIES,ACCEPTED,98,EXACT,Animalia,Chordata,Passeriformes,Vireonidae,Vireo,Vireo bellii,1,44,212,729,9358,2487406,2487441,FALSE,Aves,Vireo bellii,Top,NA,NA
2496286,"Coccyzus erythropthalmus (A.Wilson, 1811)",Coccyzus erythropthalmus,SPECIES,ACCEPTED,98,EXACT,Animalia,Chordata,Cuculiformes,Cuculidae,Coccyzus,Coccyzus erythropthalmus,1,44,212,1492,9309,2496285,2496286,FALSE,Aves,Coccyzus erythropthalmus,Top,NA,NA
8203850,"Coccyzus erythopthalmus (Wilson, 1811)",Coccyzus erythopthalmus,SPECIES,ACCEPTED,92,FUZZY,Animalia,Chordata,Cuculiformes,Cuculidae,Coccyzus,Coccyzus erythopthalmus,1,44,212,1492,9309,2496285,8203850,FALSE,Aves,Coccyzus erythropthalmus,Alternative,Similarity: name=95; authorship=0; classification=-2; rank=5; status=1,NA
7548024,"Coccyzus erythrophtalmus (Wilson, 1811)",Coccyzus erythrophtalmus,SPECIES,SYNONYM,92,FUZZY,Animalia,Chordata,Cuculiformes,Cuculidae,Coccyzus,Coccyzus erythropthalmus,1,44,212,1492,9309,2496285,2496286,TRUE,Aves,Coccyzus erythropthalmus,Alternative,Similarity: name=95; authorship=0; classification=-2; rank=5; status=0,2496286
2482593,"Cyanocitta cristata (Linnaeus, 1758)",Cyanocitta cristata,SPECIES,ACCEPTED,98,EXACT,Animalia,Chordata,Passeriformes,Corvidae,Cyanocitta,Cyanocitta cristata,1,44,212,729,5235,2482592,2482593,FALSE,Aves,Cyanocitta cristata,Top,NA,NA
2481597,"Halobaena caerulea (Gmelin, 1789)",Halobaena caerulea,SPECIES,ACCEPTED,98,EXACT,Animalia,Chordata,Procellariiformes,Procellariidae,Halobaena,Halobaena caerulea,1,44,212,7192755,9339,2481596,2481597,FALSE,Aves,Halobaena caerulea,Top,NA,NA
2487596,"Polioptila caerulea (Linnaeus, 1766)",Polioptila caerulea,SPECIES,ACCEPTED,98,EXACT,Animalia,Chordata,Passeriformes,Polioptilidae,Polioptila,Polioptila caerulea,1,44,212,729,5789066,2487581,2487596,FALSE,Aves,Polioptila caerulea,Top,NA,NA
6093846,"Vermivora cyanoptera Olson & Reveal, 2009",Vermivora cyanoptera,SPECIES,ACCEPTED,98,EXACT,Animalia,Chordata,Passeriformes,Parulidae,Vermivora,Vermivora cyanoptera,1,44,212,729,5263,5230809,6093846,FALSE,Aves,Vermivora cyanoptera,Top,NA,NA
2481622,"Stercorarius antarcticus (Lesson, 1831)",Stercorarius antarcticus,SPECIES,ACCEPTED,98,EXACT,Animalia,Chordata,Charadriiformes,Stercorariidae,Stercorarius,Stercorarius antarcticus,1,44,212,7192402,9347,2481608,2481622,FALSE,Aves,Stercorarius antarcticus,Top,NA,NA
9479809,"Toxostoma rufum (Linnaeus, 1758)",Toxostoma rufum,SPECIES,ACCEPTED,98,EXACT,Animalia,Chordata,Passeriformes,Mimidae,Toxostoma,Toxostoma rufum,1,44,212,729,9321,2494943,9479809,FALSE,Aves,Toxostoma rufum,Top,NA,NA
5453977,Tulostoma rufum Lloyd,Tulostoma rufum,SPECIES,ACCEPTED,0,FUZZY,Fungi,Basidiomycota,Agaricales,Agaricaceae,Tulostoma,Tulostoma rufum,5,34,186,1499,4170,2536197,5453977,FALSE,Agaricomycetes,Toxostoma rufum,Alternative,Similarity: name=-10; authorship=0; classification=-2; rank=5; status=1,NA
2484391,"Molothrus ater (Boddaert, 1783)",Molothrus ater,SPECIES,ACCEPTED,98,EXACT,Animalia,Chordata,Passeriformes,Icteridae,Molothrus,Molothrus ater,1,44,212,729,6176,2484385,2484391,FALSE,Aves,Molothrus ater,Top,NA,NA
2481545,"Daption capense (Linnaeus, 1758)",Daption capense,SPECIES,ACCEPTED,98,EXACT,Animalia,Chordata,Procellariiformes,Procellariidae,Daption,Daption capense,1,44,212,7192755,9339,2481544,2481545,FALSE,Aves,Daption capense,Top,NA,NA
2493801,"Thryothorus ludovicianus (Latham, 1790)",Thryothorus ludovicianus,SPECIES,ACCEPTED,98,EXACT,Animalia,Chordata,Passeriformes,Troglodytidae,Thryothorus,Thryothorus ludovicianus,1,44,212,729,9355,2493797,2493801,FALSE,Aves,Thryothorus ludovicianus,Top,NA,NA
2481664,"Pygoscelis antarcticus (J.R.Forster, 1781)",Pygoscelis antarcticus,SPECIES,ACCEPTED,98,EXACT,Animalia,Chordata,Sphenisciformes,Spheniscidae,Pygoscelis,Pygoscelis antarcticus,1,44,212,7190978,5284,2481662,2481664,FALSE,Aves,Pygoscelis antarcticus,Top,NA,NA
2481665,"Pygoscelis antarctica (J.R.Forster, 1781)",Pygoscelis antarctica,SPECIES,SYNONYM,94,FUZZY,Animalia,Chordata,Sphenisciformes,Spheniscidae,Pygoscelis,Pygoscelis antarcticus,1,44,212,7190978,5284,2481662,2481664,TRUE,Aves,Pygoscelis antarcticus,Alternative,Similarity: name=100; authorship=0; classification=-2; rank=5; status=0,2481664
2481418,"Pelecanoides urinatrix (Gmelin, 1789)",Pelecanoides urinatrix,SPECIES,ACCEPTED,98,EXACT,Animalia,Chordata,Procellariiformes,Pelecanoididae,Pelecanoides,Pelecanoides urinatrix,1,44,212,7192755,9330,2481417,2481418,FALSE,Aves,Pelecanoides urinatrix,Top,NA,NA
4352274,"Pelecanoides urinatix (Gmelin, 1789)",Pelecanoides urinatix,SPECIES,SYNONYM,92,FUZZY,Animalia,Chordata,Procellariiformes,Pelecanoididae,Pelecanoides,Pelecanoides urinatrix,1,44,212,7192755,9330,2481417,2481418,TRUE,Aves,Pelecanoides urinatrix,Alternative,Similarity: name=95; authorship=0; classification=-2; rank=5; status=0,2481418
2484155,"Quiscalus quiscula (Linnaeus, 1758)",Quiscalus quiscula,SPECIES,ACCEPTED,98,EXACT,Animalia,Chordata,Passeriformes,Icteridae,Quiscalus,Quiscalus quiscula,1,44,212,729,6176,2484132,2484155,FALSE,Aves,Quiscalus quiscula,Top,NA,NA
2497035,"Chordeiles minor (J.R.Forster, 1771)",Chordeiles minor,SPECIES,ACCEPTED,98,EXACT,Animalia,Chordata,Caprimulgiformes,Caprimulgidae,Chordeiles,Chordeiles minor,1,44,212,8510645,5225,2497027,2497035,FALSE,Aves,Chordeiles minor,Top,NA,NA
2489670,"Geothlypis trichas (Linnaeus, 1766)",Geothlypis trichas,SPECIES,ACCEPTED,98,EXACT,Animalia,Chordata,Passeriformes,Parulidae,Geothlypis,Geothlypis trichas,1,44,212,729,5263,2489637,2489670,FALSE,Aves,Geothlypis trichas,Top,NA,NA
2480621,"Accipiter cooperii (Bonaparte, 1828)",Accipiter cooperii,SPECIES,ACCEPTED,98,EXACT,Animalia,Chordata,Accipitriformes,Accipitridae,Accipiter,Accipiter cooperii,1,44,212,7191147,2877,9405810,2480621,FALSE,Aves,Accipiter cooperii,Top,NA,NA
9362842,"Junco hyemalis (Linnaeus, 1758)",Junco hyemalis,SPECIES,ACCEPTED,98,EXACT,Animalia,Chordata,Passeriformes,Emberizidae,Junco,Junco hyemalis,1,44,212,729,9608,2492009,9362842,FALSE,Aves,Junco hyemalis,Top,NA,NA
2490363,"Spiza americana (J.F.Gmelin, 1789)",Spiza americana,SPECIES,ACCEPTED,98,EXACT,Animalia,Chordata,Passeriformes,Cardinalidae,Spiza,Spiza americana,1,44,212,729,9285,2490362,2490363,FALSE,Aves,Spiza americana,Top,NA,NA
10793020,"Seira americana S.Jacquemart, 1980",Seira americana,SPECIES,ACCEPTED,0,FUZZY,Animalia,Arthropoda,Poduromorpha,Hypogastruridae,Seira,Seira americana,1,54,10713444,10802062,7215,2120985,10793020,FALSE,Collembola,Spiza americana,Alternative,Similarity: name=-10; authorship=0; classification=-2; rank=5; status=1,NA
8082085,"Sida americana Korovchinsky, 1979",Sida americana,SPECIES,ACCEPTED,0,FUZZY,Animalia,Arthropoda,Diplostraca,Sididae,Sida,Sida americana,1,54,281,545,7643,2234721,8082085,FALSE,Branchiopoda,Spiza americana,Alternative,Similarity: name=-10; authorship=0; classification=-2; rank=5; status=1,NA
5617254,Sida americana (L.) L.,Sida americana,SPECIES,SYNONYM,0,FUZZY,Plantae,Tracheophyta,Malvales,Malvaceae,Abutilon,Abutilon abutiloides,6,7707728,220,941,6685,10839991,7954241,TRUE,Magnoliopsida,Spiza americana,Alternative,Similarity: name=-10; authorship=0; classification=-2; rank=5; status=0,7954241
2490941,"Sialia sialis (Linnaeus, 1758)",Sialia sialis,SPECIES,ACCEPTED,98,EXACT,Animalia,Chordata,Passeriformes,Turdidae,Sialia,Sialia sialis,1,44,212,729,5290,2490934,2490941,FALSE,Aves,Sialia sialis,Top,NA,NA
5229688,"Tyrannus tyrannus (Linnaeus, 1758)",Tyrannus tyrannus,SPECIES,ACCEPTED,98,EXACT,Animalia,Chordata,Passeriformes,Tyrannidae,Tyrannus,Tyrannus tyrannus,1,44,212,729,5291,2483336,5229688,FALSE,Aves,Tyrannus tyrannus,Top,NA,NA
2483606,"Sayornis phoebe (Latham, 1790)",Sayornis phoebe,SPECIES,ACCEPTED,98,EXACT,Animalia,Chordata,Passeriformes,Tyrannidae,Sayornis,Sayornis phoebe,1,44,212,729,5291,2483605,2483606,FALSE,Aves,Sayornis phoebe,Top,NA,NA
5229734,"Contopus virens (Linnaeus, 1766)",Contopus virens,SPECIES,ACCEPTED,98,EXACT,Animalia,Chordata,Passeriformes,Tyrannidae,Contopus,Contopus virens,1,44,212,729,5291,2483729,5229734,FALSE,Aves,Contopus virens,Top,NA,NA
2481661,"Aptenodytes forsteri G.R.Gray, 1844",Aptenodytes forsteri,SPECIES,ACCEPTED,98,EXACT,Animalia,Chordata,Sphenisciformes,Spheniscidae,Aptenodytes,Aptenodytes forsteri,1,44,212,7190978,5284,2481659,2481661,FALSE,Aves,Aptenodytes forsteri,Top,NA,NA
5229332,"Pachyptila turtur (Kuhl, 1820)",Pachyptila turtur,SPECIES,ACCEPTED,98,EXACT,Animalia,Chordata,Procellariiformes,Procellariidae,Pachyptila,Pachyptila turtur,1,44,212,7192755,9339,2481527,5229332,FALSE,Aves,Pachyptila turtur,Top,NA,NA
2492096,"Spizella pusilla (A.Wilson, 1810)",Spizella pusilla,SPECIES,ACCEPTED,98,EXACT,Animalia,Chordata,Passeriformes,Emberizidae,Spizella,Spizella pusilla,1,44,212,729,9608,2492093,2492096,FALSE,Aves,Spizella pusilla,Top,NA,NA
5645426,Spigelia pusilla Mart.,Spigelia pusilla,SPECIES,ACCEPTED,69,FUZZY,Plantae,Tracheophyta,Gentianales,Loganiaceae,Spigelia,Spigelia pusilla,6,7707728,220,412,2502,3169498,5645426,FALSE,Magnoliopsida,Spizella pusilla,Alternative,Similarity: name=65; authorship=0; classification=-2; rank=5; status=1,NA
2481666,"Pygoscelis papua (J.R.Forster, 1781)",Pygoscelis papua,SPECIES,ACCEPTED,98,EXACT,Animalia,Chordata,Sphenisciformes,Spheniscidae,Pygoscelis,Pygoscelis papua,1,44,212,7190978,5284,2481662,2481666,FALSE,Aves,Pygoscelis papua,Top,NA,NA
2484591,"Regulus satrapa Lichtenstein, 1823",Regulus satrapa,SPECIES,ACCEPTED,98,EXACT,Animalia,Chordata,Passeriformes,Regulidae,Regulus,Regulus satrapa,1,44,212,729,5279,2484589,2484591,FALSE,Aves,Regulus satrapa,Top,NA,NA
2494936,"Dumetella carolinensis (Linnaeus, 1766)",Dumetella carolinensis,SPECIES,ACCEPTED,98,EXACT,Animalia,Chordata,Passeriformes,Mimidae,Dumetella,Dumetella carolinensis,1,44,212,729,9321,2494935,2494936,FALSE,Aves,Dumetella carolinensis,Top,NA,NA
2483597,"Myiarchus crinitus (Linnaeus, 1758)",Myiarchus crinitus,SPECIES,ACCEPTED,98,EXACT,Animalia,Chordata,Passeriformes,Tyrannidae,Myiarchus,Myiarchus crinitus,1,44,212,729,5291,2483527,2483597,FALSE,Aves,Myiarchus crinitus,Top,NA,NA
5959118,"Bubo virginianus (J.F.Gmelin, 1788)",Bubo virginianus,SPECIES,ACCEPTED,98,EXACT,Animalia,Chordata,Strigiformes,Strigidae,Bubo,Bubo virginianus,1,44,212,1450,9348,5959091,5959118,FALSE,Aves,Bubo virginianus,Top,NA,NA
2481408,"Thalassarche chrysostoma (J.R.Forster, 1785)",Thalassarche chrysostoma,SPECIES,ACCEPTED,98,EXACT,Animalia,Chordata,Procellariiformes,Diomedeidae,Thalassarche,Thalassarche chrysostoma,1,44,212,7192755,5238,2481398,2481408,FALSE,Aves,Thalassarche chrysostoma,Top,NA,NA
2491119,"Ammodramus henslowii (Audubon, 1829)",Ammodramus henslowii,SPECIES,ACCEPTED,98,EXACT,Animalia,Chordata,Passeriformes,Emberizidae,Ammodramus,Ammodramus henslowii,1,44,212,729,9608,2491079,2491119,FALSE,Aves,Ammodramus henslowii,Top,NA,NA
5220066,"Lagenorhynchus cruciger (Quoy & Gaimard, 1824)",Lagenorhynchus cruciger,SPECIES,ACCEPTED,98,EXACT,Animalia,Chordata,Cetacea,Delphinidae,Lagenorhynchus,Lagenorhynchus cruciger,1,44,359,733,5314,2440608,5220066,FALSE,Mammalia,Lagenorhynchus cruciger,Top,NA,NA
5231190,"Passer domesticus (Linnaeus, 1758)",Passer domesticus,SPECIES,ACCEPTED,98,EXACT,Animalia,Chordata,Passeriformes,Passeridae,Passer,Passer domesticus,1,44,212,729,5264,2492321,5231190,FALSE,Aves,Passer domesticus,Top,NA,NA
5231459,"Troglodytes aedon Vieillot, 1809",Troglodytes aedon,SPECIES,ACCEPTED,98,EXACT,Animalia,Chordata,Passeriformes,Troglodytidae,Troglodytes,Troglodytes aedon,1,44,212,729,9355,2493899,5231459,FALSE,Aves,Troglodytes aedon,Top,NA,NA
5220086,"Megaptera novaeangliae (Borowski, 1781)",Megaptera novaeangliae,SPECIES,ACCEPTED,97,EXACT,Animalia,Chordata,Cetacea,Balaenopteridae,Megaptera,Megaptera novaeangliae,1,44,359,733,5313,2440748,5220086,FALSE,Mammalia,Megaptera novaeangliae,Top,NA,NA
9809568,"Megaptera novaeangliae (Brisson, 1762)",Megaptera novaeangliae,SPECIES,SYNONYM,97,EXACT,Animalia,Chordata,Cetacea,Balaenopteridae,Megaptera,Megaptera novaeangliae,1,44,359,733,5313,2440748,5220086,TRUE,Mammalia,Megaptera novaeangliae,Alternative,Similarity: name=110; authorship=0; classification=-2; rank=5; status=0,5220086
2490327,"Passerina cyanea (Linnaeus, 1766)",Passerina cyanea,SPECIES,ACCEPTED,98,EXACT,Animalia,Chordata,Passeriformes,Cardinalidae,Passerina,Passerina cyanea,1,44,212,729,9285,2490326,2490327,FALSE,Aves,Passerina cyanea,Top,NA,NA
2481173,"Larus dominicanus Lichtenstein, 1823",Larus dominicanus,SPECIES,ACCEPTED,98,EXACT,Animalia,Chordata,Charadriiformes,Laridae,Larus,Larus dominicanus,1,44,212,7192402,9316,2481126,2481173,FALSE,Aves,Larus dominicanus,Top,NA,NA
9217284,"Liris dominicanus Evans, 1972",Liris dominicanus,SPECIES,ACCEPTED,0,FUZZY,Animalia,Arthropoda,Hymenoptera,Crabronidae,Liris,Liris dominicanus,1,54,216,1457,7906,1338928,9217284,FALSE,Insecta,Larus dominicanus,Alternative,Similarity: name=-10; authorship=0; classification=-2; rank=5; status=1,NA
2434790,"Hydrurga leptonyx (de Blainville, 1820)",Hydrurga leptonyx,SPECIES,ACCEPTED,98,EXACT,Animalia,Chordata,Carnivora,Phocidae,Hydrurga,Hydrurga leptonyx,1,44,359,732,5310,2434789,2434790,FALSE,Mammalia,Hydrurga leptonyx,Top,NA,NA
2481374,"Phoebetria palpebrata (J.R.Forster, 1785)",Phoebetria palpebrata,SPECIES,ACCEPTED,98,EXACT,Animalia,Chordata,Procellariiformes,Diomedeidae,Phoebetria,Phoebetria palpebrata,1,44,212,7192755,5238,2481373,2481374,FALSE,Aves,Phoebetria palpebrata,Top,NA,NA
2481643,"Eudyptes chrysolophus (Brandt, 1837)",Eudyptes chrysolophus,SPECIES,ACCEPTED,98,EXACT,Animalia,Chordata,Sphenisciformes,Spheniscidae,Eudyptes,Eudyptes chrysolophus,1,44,212,7190978,5284,2481633,2481643,FALSE,Aves,Eudyptes chrysolophus,Top,NA,NA
5229935,"Icterus spurius (Linnaeus, 1766)",Icterus spurius,SPECIES,ACCEPTED,98,EXACT,Animalia,Chordata,Passeriformes,Icteridae,Icterus,Icterus spurius,1,44,212,729,6176,2484282,5229935,FALSE,Aves,Icterus spurius,Top,NA,NA
2489590,"Seiurus aurocapilla (Linnaeus, 1766)",Seiurus aurocapilla,SPECIES,ACCEPTED,98,EXACT,Animalia,Chordata,Passeriformes,Parulidae,Seiurus,Seiurus aurocapilla,1,44,212,729,5263,2489584,2489590,FALSE,Aves,Seiurus aurocapilla,Top,NA,NA
2489595,"Seiurus aurocapillus (Linnaeus, 1766)",Seiurus aurocapillus,SPECIES,SYNONYM,94,FUZZY,Animalia,Chordata,Passeriformes,Parulidae,Seiurus,Seiurus aurocapilla,1,44,212,729,5263,2489584,2489590,TRUE,Aves,Seiurus aurocapilla,Alternative,Similarity: name=100; authorship=0; classification=-2; rank=5; status=0,2489590
2489871,"Protonotaria citrea (Boddaert, 1783)",Protonotaria citrea,SPECIES,ACCEPTED,98,EXACT,Animalia,Chordata,Passeriformes,Parulidae,Protonotaria,Protonotaria citrea,1,44,212,729,5263,2489870,2489871,FALSE,Aves,Protonotaria citrea,Top,NA,NA
2478106,"Melanerpes carolinus (Linnaeus, 1758)",Melanerpes carolinus,SPECIES,ACCEPTED,98,EXACT,Animalia,Chordata,Piciformes,Picidae,Melanerpes,Melanerpes carolinus,1,44,212,724,9333,2478067,2478106,FALSE,Aves,Melanerpes carolinus,Top,NA,NA
2484879,"Sitta canadensis Linnaeus, 1766",Sitta canadensis,SPECIES,ACCEPTED,98,EXACT,Animalia,Chordata,Passeriformes,Sittidae,Sitta,Sitta canadensis,1,44,212,729,5283,2484878,2484879,FALSE,Aves,Sitta canadensis,Top,NA,NA
2705799,Stipa canadensis Poir.,Stipa canadensis,SPECIES,SYNONYM,0,FUZZY,Plantae,Tracheophyta,Poales,Poaceae,Piptatheropsis,Piptatheropsis canadensis,6,7707728,196,1369,3073,6560148,6560152,TRUE,Liliopsida,Sitta canadensis,Alternative,Similarity: name=-10; authorship=0; classification=-2; rank=5; status=0,6560152
2487430,"Vireo olivaceus (Linnaeus, 1766)",Vireo olivaceus,SPECIES,ACCEPTED,98,EXACT,Animalia,Chordata,Passeriformes,Vireonidae,Vireo,Vireo olivaceus,1,44,212,729,9358,2487406,2487430,FALSE,Aves,Vireo olivaceus,Top,NA,NA
5908820,"Vibrio olivaceus Fang, Zhang & Chen, 2005",Vibrio olivaceus,SPECIES,ACCEPTED,0,FUZZY,Bacteria,Proteobacteria,Enterobacterales,Vibrionaceae,Vibrio,Vibrio olivaceus,3,111,362,10829408,9539,6005951,5908820,FALSE,Gammaproteobacteria,Vireo olivaceus,Alternative,Similarity: name=-10; authorship=0; classification=-2; rank=5; status=1,NA
2478130,"Melanerpes erythrocephalus (Linnaeus, 1758)",Melanerpes erythrocephalus,SPECIES,ACCEPTED,98,EXACT,Animalia,Chordata,Piciformes,Picidae,Melanerpes,Melanerpes erythrocephalus,1,44,212,724,9333,2478067,2478130,FALSE,Aves,Melanerpes erythrocephalus,Top,NA,NA
2490494,"Pheucticus ludovicianus (Linnaeus, 1766)",Pheucticus ludovicianus,SPECIES,ACCEPTED,98,EXACT,Animalia,Chordata,Passeriformes,Cardinalidae,Pheucticus,Pheucticus ludovicianus,1,44,212,729,9285,2490486,2490494,FALSE,Aves,Pheucticus ludovicianus,Top,NA,NA
2434788,"Ommatophoca rossii Gray, 1844",Ommatophoca rossii,SPECIES,ACCEPTED,98,EXACT,Animalia,Chordata,Carnivora,Phocidae,Ommatophoca,Ommatophoca rossii,1,44,359,732,5310,2434787,2434788,FALSE,Mammalia,Ommatophoca rossii,Top,NA,NA
2480524,"Buteo lagopus (Pontoppidan, 1763)",Buteo lagopus,SPECIES,ACCEPTED,98,EXACT,Animalia,Chordata,Accipitriformes,Accipitridae,Buteo,Buteo lagopus,1,44,212,7191147,2877,2480517,2480524,FALSE,Aves,Buteo lagopus,Top,NA,NA
5228514,"Archilochus colubris (Linnaeus, 1758)",Archilochus colubris,SPECIES,ACCEPTED,98,EXACT,Animalia,Chordata,Apodiformes,Trochilidae,Archilochus,Archilochus colubris,1,44,212,1448,5289,2476402,5228514,FALSE,Aves,Archilochus colubris,Top,NA,NA
2484184,"Euphagus carolinus (Statius Muller, 1776)",Euphagus carolinus,SPECIES,ACCEPTED,98,EXACT,Animalia,Chordata,Passeriformes,Icteridae,Euphagus,Euphagus carolinus,1,44,212,729,6176,2484182,2484184,FALSE,Aves,Euphagus carolinus,Top,NA,NA
2481600,"Pagodroma nivea (G.Forster, 1777)",Pagodroma nivea,SPECIES,ACCEPTED,98,EXACT,Animalia,Chordata,Procellariiformes,Procellariidae,Pagodroma,Pagodroma nivea,1,44,212,7192755,9339,2481599,2481600,FALSE,Aves,Pagodroma nivea,Top,NA,NA
2492196,"Melospiza melodia (A.Wilson, 1810)",Melospiza melodia,SPECIES,ACCEPTED,98,EXACT,Animalia,Chordata,Passeriformes,Emberizidae,Melospiza,Melospiza melodia,1,44,212,729,9608,2492191,2492196,FALSE,Aves,Melospiza melodia,Top,NA,NA
2481616,"Stercorarius maccormicki H.Saunders, 1893",Stercorarius maccormicki,SPECIES,ACCEPTED,98,EXACT,Animalia,Chordata,Charadriiformes,Stercorariidae,Stercorarius,Stercorarius maccormicki,1,44,212,7192402,9347,2481608,2481616,FALSE,Aves,Stercorarius maccormicki,Top,NA,NA
2434814,"Mirounga leonina (Linnaeus, 1758)",Mirounga leonina,SPECIES,ACCEPTED,98,EXACT,Animalia,Chordata,Carnivora,Phocidae,Mirounga,Mirounga leonina,1,44,359,732,5310,2434812,2434814,FALSE,Mammalia,Mirounga leonina,Top,NA,NA
2481432,"Fulmarus glacialoides (A.Smith, 1840)",Fulmarus glacialoides,SPECIES,ACCEPTED,98,EXACT,Animalia,Chordata,Procellariiformes,Procellariidae,Fulmarus,Fulmarus glacialoides,1,44,212,7192755,9339,2481431,2481432,FALSE,Aves,Fulmarus glacialoides,Top,NA,NA
2481515,"Macronectes giganteus (Gmelin, 1789)",Macronectes giganteus,SPECIES,ACCEPTED,98,EXACT,Animalia,Chordata,Procellariiformes,Procellariidae,Macronectes,Macronectes giganteus,1,44,212,7192755,9339,2481514,2481515,FALSE,Aves,Macronectes giganteus,Top,NA,NA
2488485,"Piranga rubra (Linnaeus, 1758)",Piranga rubra,SPECIES,ACCEPTED,98,EXACT,Animalia,Chordata,Passeriformes,Cardinalidae,Piranga,Piranga rubra,1,44,212,729,9285,2488483,2488485,FALSE,Aves,Piranga rubra,Top,NA,NA
2492235,"Melospiza georgiana (Latham, 1790)",Melospiza georgiana,SPECIES,ACCEPTED,98,EXACT,Animalia,Chordata,Passeriformes,Emberizidae,Melospiza,Melospiza georgiana,1,44,212,729,9608,2492191,2492235,FALSE,Aves,Melospiza georgiana,Top,NA,NA
5229320,"Pachyptila belcheri (Mathews, 1912)",Pachyptila belcheri,SPECIES,ACCEPTED,98,EXACT,Animalia,Chordata,Procellariiformes,Procellariidae,Pachyptila,Pachyptila belcheri,1,44,212,7192755,9339,2481527,5229320,FALSE,Aves,Pachyptila belcheri,Top,NA,NA
2491728,"Pooecetes gramineus (J.F.Gmelin, 1789)",Pooecetes gramineus,SPECIES,ACCEPTED,98,EXACT,Animalia,Chordata,Passeriformes,Emberizidae,Pooecetes,Pooecetes gramineus,1,44,212,729,9608,2491727,2491728,FALSE,Aves,Pooecetes gramineus,Top,NA,NA
2434784,"Leptonychotes weddellii (Lesson, 1826)",Leptonychotes weddellii,SPECIES,ACCEPTED,98,EXACT,Animalia,Chordata,Carnivora,Phocidae,Leptonychotes,Leptonychotes weddellii,1,44,359,732,5310,2434783,2434784,FALSE,Mammalia,Leptonychotes weddellii,Top,NA,NA
4351395,"Leptonychotes weddelli (Lesson, 1826)",Leptonychotes weddelli,SPECIES,SYNONYM,94,FUZZY,Animalia,Chordata,Carnivora,Phocidae,Leptonychotes,Leptonychotes weddellii,1,44,359,732,5310,2434783,2434784,TRUE,Mammalia,Leptonychotes weddellii,Alternative,Similarity: name=100; authorship=0; classification=-2; rank=5; status=0,2434784
2484892,"Sitta carolinensis Latham, 1790",Sitta carolinensis,SPECIES,ACCEPTED,98,EXACT,Animalia,Chordata,Passeriformes,Sittidae,Sitta,Sitta carolinensis,1,44,212,729,5283,2484878,2484892,FALSE,Aves,Sitta carolinensis,Top,NA,NA
5477029,Sticta carolinensis T.McDonald,Sticta carolinensis,SPECIES,ACCEPTED,0,FUZZY,Fungi,Ascomycota,Peltigerales,Lobariaceae,Sticta,Sticta carolinensis,5,95,180,1055,8375,2601351,5477029,FALSE,Lecanoromycetes,Sitta carolinensis,Alternative,Similarity: name=-10; authorship=0; classification=-2; rank=5; status=1,NA
2481495,"Procellaria aequinoctialis Linnaeus, 1758",Procellaria aequinoctialis,SPECIES,ACCEPTED,98,EXACT,Animalia,Chordata,Procellariiformes,Procellariidae,Procellaria,Procellaria aequinoctialis,1,44,212,7192755,9339,2481430,2481495,FALSE,Aves,Procellaria aequinoctialis,Top,NA,NA
2487413,"Vireo griseus (Boddaert, 1783)",Vireo griseus,SPECIES,ACCEPTED,98,EXACT,Animalia,Chordata,Passeriformes,Vireonidae,Vireo,Vireo griseus,1,44,212,729,9358,2487406,2487413,FALSE,Aves,Vireo griseus,Top,NA,NA
3905381,Vitex grisea Baker,Vitex grisea,SPECIES,ACCEPTED,69,FUZZY,Plantae,Tracheophyta,Lamiales,Lamiaceae,Vitex,Vitex grisea,6,7707728,220,408,2497,2925556,3905381,FALSE,Magnoliopsida,Vireo griseus,Alternative,Similarity: name=65; authorship=0; classification=-2; rank=5; status=1,NA
2482786,"Empidonax traillii (Audubon, 1828)",Empidonax traillii,SPECIES,ACCEPTED,98,EXACT,Animalia,Chordata,Passeriformes,Tyrannidae,Empidonax,Empidonax traillii,1,44,212,729,5291,2482766,2482786,FALSE,Aves,Empidonax traillii,Top,NA,NA
2490872,"Hylocichla mustelina (Gmelin, 1789)",Hylocichla mustelina,SPECIES,ACCEPTED,98,EXACT,Animalia,Chordata,Passeriformes,Turdidae,Hylocichla,Hylocichla mustelina,1,44,212,729,5290,2490871,2490872,FALSE,Aves,Hylocichla mustelina,Top,NA,NA
2496287,"Coccyzus americanus (Linnaeus, 1758)",Coccyzus americanus,SPECIES,ACCEPTED,98,EXACT,Animalia,Chordata,Cuculiformes,Cuculidae,Coccyzus,Coccyzus americanus,1,44,212,1492,9309,2496285,2496287,FALSE,Aves,Coccyzus americanus,Top,NA,NA
2489989,"Icteria virens (Linnaeus, 1758)",Icteria virens,SPECIES,ACCEPTED,98,EXACT,Animalia,Chordata,Passeriformes,Parulidae,Icteria,Icteria virens,1,44,212,729,5263,2489988,2489989,FALSE,Aves,Icteria virens,Top,NA,NA
2487453,"Vireo flavifrons Vieillot, 1808",Vireo flavifrons,SPECIES,ACCEPTED,98,EXACT,Animalia,Chordata,Passeriformes,Vireonidae,Vireo,Vireo flavifrons,1,44,212,729,9358,2487406,2487453,FALSE,Aves,Vireo flavifrons,Top,NA,NA
