STUDY_ID,trait,Mean_kendall_cor,Mean_Sp_div,Mean_N_Years,Mean_Completeness,Mean_YearRange,Cells,TITLE,REALM,CLIMATE,PROTECTED_AREA,GRAIN_SQ_KM,ABUNDANCE_TYPE,BIOMASS_TYPE,CENT_LAT,CENT_LONG,LogCells
10,TR_Max_Height,0.20588235294117646,25,3,0.6935483870967742,12,1,Windstorm disturbance without patch dynamics twelve years of change in a Minnesota forest,Terrestrial,Temperate,FALSE,-5.3979400086720375,Count,NA,47.4,-95.12,0
10,TR_Mean_SeedMass,0.38011695906432746,25,3,0.7903225806451613,12,1,Windstorm disturbance without patch dynamics twelve years of change in a Minnesota forest,Terrestrial,Temperate,FALSE,-5.3979400086720375,Count,NA,47.4,-95.12,0
18,TR_Max_Height,-0.042120126211631366,98,29,0.5449346405228758,50,1,Mapped quadrats in sagebrush steppe long-term data for analyzing demographic rates and plant to plant interactions,Terrestrial,Temperate,FALSE,-6,Count,NA,44.33,-112.33,0
18,TR_Mean_SeedMass,0.09158818281034127,98,29,0.6143790849673203,50,1,Mapped quadrats in sagebrush steppe long-term data for analyzing demographic rates and plant to plant interactions,Terrestrial,Temperate,FALSE,-6,Count,NA,44.33,-112.33,0
39,TR_adult_body_mass_g,-0.07255915019027653,52,45,0.8175182481751825,45,1,Bird community dynamics in a temperate deciduous forest Long-term trends at Hubbard Brook,Terrestrial,Temperate,FALSE,-1.3010299956639813,Density,NA,43.91,-71.75,0
41,TR_adult_body_mass_g,-0.03643724696356276,56,10,0.6770334928229665,17,1,Time and space and the variation of species,Terrestrial,Temperate,FALSE,-0.5528419686577808,Count,NA,39.5,-82.48,0
45,TR_BodyLength_mm,0.1121018177504022,337,6,0.9338289962825279,5,1,MCR LTER Coral Reef Long-term Population and Community Dynamics Fishes,Marine,Tropical,FALSE,0.3010299956639812,Count,Size,-17.5,-149,0
46,TR_adult_body_mass_g,-0.10153846153846154,29,47,0.9659090909090909,51,1,Skokholm Bird Observatory,Terrestrial,Temperate,FALSE,0,Count,NA,51.698,-5.277,0
47,TR_adult_body_mass_g,-0.02564102564102564,13,26,1,25,1,Detection of Density-Dependent Effects in Annual Duck Censuses,Terrestrial,Temperate,FALSE,-Inf,Count,NA,50.845447,-107.446257,0
56,TR_adult_body_mass_g,0.14285714285714285,28,20,0.928374655647383,19,1,Small Mammal Mark-Recapture Population Dynamics at Core Research Sites,Terrestrial,Temperate,FALSE,-1.5030703519267852,Count,Weight,34.2,-106.43,0
58,TR_adult_body_mass_g,0.07692307692307693,31,18,0.9808429118773946,17,1,Avian populations long-term monitoring dataset. San Juan. Puerto Rico Luquillo Long Term Ecological Research Site Database Grid points bird counts DBAS 23,Terrestrial,Tropical,FALSE,-2.7071903345827097,Count,NA,18.19,-65.43,0
59,TR_adult_body_mass_g,-0.046153846153846156,29,26,0.9515570934256056,25,1,Long-term monitoring and experimental manipulation of a Chihuahuan Desert ecosystem near Portal. Arizona. USA,Terrestrial,Temperate,FALSE,-2.6020599913279625,Count,NA,30.3226,-103.501,0
60,TR_Max_Height,0.0752841367690265,323,8,0.8959633791094466,33,1,Forest Census Plot on Barro Colorado Island,Terrestrial,Tropical,FALSE,-0.3010299956639812,Count,NA,9.1521,-79.8465,0
60,TR_Mean_SeedMass,-0.01468782977964296,323,8,0.6953807740324595,33,1,Forest Census Plot on Barro Colorado Island,Terrestrial,Tropical,FALSE,-0.3010299956639812,Count,NA,9.1521,-79.8465,0
67,TR_adult_body_mass_g,0.020731669997881914,15.40625,11.90625,0.5066354127824335,11.4375,32,Animal Demography Unit - Coordinated Waterbird Counts (CWAC) (AfrOBIS),Terrestrial,Temperate,FALSE,-Inf,Count,NA,-28.954467,24.950961,1.505149978319906
67,TR_BodyLength_mm,0.33333333333333337,10,6,0.4074074074074074,5,4,Animal Demography Unit - Coordinated Waterbird Counts (CWAC) (AfrOBIS),Terrestrial,Temperate,FALSE,-Inf,Count,NA,-28.954467,24.950961,0.6020599913279624
72,TR_QualBS_Numeric,0.15609198967742732,35,2,0.4634146341463415,5,1,White Sea Plankton,Marine,Polar/Temperate,FALSE,-Inf,Count,NA,65.890093,36.80637,0
78,TR_BodyLength_mm,0.06997086771392687,68.6,14.4,0.6169951804188722,19.4,10,IOW Macrozoobenthos monitoring Baltic Sea (1980-2005) (EurOBIS),Marine,Temperate,FALSE,-7,Count,NA,56.729642,18.236359,1
85,TR_BodyLength_mm,0.09031219010362483,51.54716981132076,9.90566037735849,0.45363881556204405,9.433962264150944,53,North Sea observations of Crustacea. Polychaeta. Echinodermata. Mollusca and some other groups between 1986 and 2003,Marine,Temperate,FALSE,-Inf,Density,NA,53.604782,4.248107,1.7242758696007892
91,TR_adult_body_mass_g,0.26786217066255863,15.928571428571429,5.714285714285714,0.846003276563681,6.071428571428571,14,Baltic seabirds transect surveys,Marine,Temperate,FALSE,-0.5228787452803376,Count,NA,57.038966,20.555517,1.146128035678238
91,TR_BodyLength_mm,-0.12700633708518275,15.928571428571429,5.714285714285714,0.6548962500171711,6.071428571428571,14,Baltic seabirds transect surveys,Marine,Temperate,FALSE,-0.5228787452803376,Count,NA,57.038966,20.555517,1.146128035678238
97,TR_BodyLength_mm,-0.1997258947166342,28.75,2.75,0.43316170861937453,18.5,6,Archives of the Arctic Seas Zooplankton (ARC),Marine,Polar/Temperate,FALSE,-Inf,Count,NA,72.739441,10.694448,0.7781512503836436
97,TR_QualBS_Numeric,-0.049113827412083005,28.833333333333332,2.5,0.5184814391050089,17.333333333333332,6,Archives of the Arctic Seas Zooplankton (ARC),Marine,Polar/Temperate,FALSE,-Inf,Count,NA,72.739441,10.694448,0.7781512503836436
99,TR_BodyLength_mm,0.07808622590475695,56.6015625,3.01171875,0.8747780166620696,9.6640625,256,CSIRO Marine Data Warehouse (OBIS Australia),Marine,Temperate/Tropical,FALSE,-Inf,NA,Weight,-25.597857,134.025057,2.4082399653118496
99,TR_Mean_LengthMax,0.14285714285714285,14,2,0.5714285714285714,10,3,CSIRO Marine Data Warehouse (OBIS Australia),Marine,Temperate/Tropical,FALSE,-Inf,NA,Weight,-25.597857,134.025057,0.47712125471966244
108,TR_adult_body_mass_g,0.039031200851369616,12.204761904761904,3.5238095238095237,0.8010606398133513,13.728571428571428,420,Seabirds of the Southern and South Indian Ocean (Australian Antarctic Data Centre),Marine,Global,FALSE,-Inf,Count,NA,-27.17355,3.945813,2.6232492903979003
112,TR_BodyLength_mm,0.11920408319397306,14.560088202866593,9.882028665931642,0.9699324086952266,14.566703417861081,907,NOAA Southeast Fishery Science Center (SEFSC) Commercial Pelagic Observer Program (POP) Data (SEFSC_POP),Marine,Temperate/Tropical,FALSE,-Inf,Count,NA,24.981493,-51.374069,2.957607287060095
112,TR_Mean_LengthMax,0.20964302548479574,14.645598194130926,9.881489841986456,0.5794015123495317,14.62076749435666,907,NOAA Southeast Fishery Science Center (SEFSC) Commercial Pelagic Observer Program (POP) Data (SEFSC_POP),Marine,Temperate/Tropical,FALSE,-Inf,Count,NA,24.981493,-51.374069,2.957607287060095
119,TR_BodyLength_mm,-0.22286562120797346,20.50685654008439,6.0174050632911396,0.9108528276068971,23.74367088607595,1896,DFO Maritimes Research Vessel Trawl Surveys Fish Observations (OBIS Canada),Marine,Temperate,FALSE,-Inf,Count,Weight,43.987425,-63.669701,3.2778383330020473
119,TR_Mean_LengthMax,-0.20400776436333048,20.50685654008439,6.0174050632911396,0.9596053161197389,23.74367088607595,1896,DFO Maritimes Research Vessel Trawl Surveys Fish Observations (OBIS Canada),Marine,Temperate,FALSE,-Inf,Count,Weight,43.987425,-63.669701,3.2778383330020473
121,TR_BodyLength_mm,0.03322476988256072,39.82051282051282,4.846153846153846,0.9025100743825676,6.9743589743589745,39,CRED Rapid Ecological Assessments of Fish Belt Transect Surveys and Fish Stationary Point Count Surveys in the Pacific Ocean 2000-2010 (OBIS-USA),Marine,Temperate/Tropical,FALSE,-Inf,Count,NA,10.778,-169.454,1.591064607026499
123,TR_BodyLength_mm,-0.13233451358217607,48.6,6.884615384615385,0.7581223765875453,7.730769230769231,130,Maine Department of Marine Resources Inshore Trawl Survey 2000?2009 (OBIS-USA),Marine,Temperate,FALSE,-Inf,Count,Weight,43.891199,-68.940737,2.113943352306837
123,TR_Mean_LengthMax,-0.07073028593889347,48.6,6.884615384615385,0.6622858606520131,7.730769230769231,130,Maine Department of Marine Resources Inshore Trawl Survey 2000?2009 (OBIS-USA),Marine,Temperate,FALSE,-Inf,Count,Weight,43.891199,-68.940737,2.113943352306837
125,TR_BodyLength_mm,0.029390624421192113,19.73170731707317,7.7073170731707314,0.9827515120696088,10.121951219512194,41,MARMAP Chevron Trap Survey 1990-2009 (OBIS-USA),Marine,Temperate,FALSE,-5.5934598195660445,Count,Weight,31.441647,-78.848859,1.6127838567197355
125,TR_Mean_LengthMax,0.03632062883402127,19.73170731707317,7.7073170731707314,0.9329297087259488,10.121951219512194,41,MARMAP Chevron Trap Survey 1990-2009 (OBIS-USA),Marine,Temperate,FALSE,-5.5934598195660445,Count,Weight,31.441647,-78.848859,1.6127838567197355
126,TR_Mean_LengthMax,-0.09474341445273339,52.714285714285715,4.142857142857143,0.4744762757895342,5.285714285714286,7,MARMAP Neuston Nets 1990-2009 (OBIS-USA),Marine,Temperate,FALSE,-Inf,Count,NA,31.250847,-78.751587,0.8450980400142568
127,TR_BodyLength_mm,-0.03603639806405777,14.736842105263158,6.421052631578948,0.9936266972177362,6.7894736842105265,19,MARMAP Florida Antillean Trap Survey 1990-2009 (OBIS-USA),Marine,Temperate,FALSE,-6.00436480540245,Count,Weight,32.334695,-78.992262,1.2787536009528289
127,TR_Mean_LengthMax,-0.04841692633558635,14.736842105263158,6.421052631578948,0.9561732109224969,6.7894736842105265,19,MARMAP Florida Antillean Trap Survey 1990-2009 (OBIS-USA),Marine,Temperate,FALSE,-6.00436480540245,Count,Weight,32.334695,-78.992262,1.2787536009528289
133,TR_BodyLength_mm,0.011869906538207608,28,2,0.6388888888888888,6,1,Copepods (Tropical and Subtropical Western South Atlantic OBIS),Marine,Temperate/Tropical,FALSE,-Inf,Count,NA,-14.616657,-42.219116,0
133,TR_QualBS_Numeric,0.08590101659300618,28,2,0.8055555555555556,6,1,Copepods (Tropical and Subtropical Western South Atlantic OBIS),Marine,Temperate/Tropical,FALSE,-Inf,Count,NA,-14.616657,-42.219116,0
135,TR_BodyLength_mm,0.04906609303982562,18,3.3333333333333335,0.7481092761228585,5,3,Previous_fisheries_REVIZEE_Program (Tropical and Subtropical Western South Atlantic OBIS),Marine,Temperate/Tropical,FALSE,-Inf,NA,Weight,-13.021508,-45.166281,0.47712125471966244
135,TR_Mean_LengthMax,0.03306490868884428,18,3.5,0.4787775891341256,5,3,Previous_fisheries_REVIZEE_Program (Tropical and Subtropical Western South Atlantic OBIS),Marine,Temperate/Tropical,FALSE,-Inf,NA,Weight,-13.021508,-45.166281,0.47712125471966244
142,TR_BodyLength_mm,-0.39170691576085104,23,2,0.8333333333333334,5,1,Pelagic and Demersal Fish Database II. REVIZEE South Area (WSAOBIS),Marine,Temperate/Tropical,FALSE,-Inf,Count,NA,-27.327812,-45.330092,0
143,TR_BodyLength_mm,0.09937892110917106,67,6,0.7198275862068966,7,1,COPEPODA-ESPOBIS Data Base IMO-UdeC,Marine,Temperate/Tropical,FALSE,-Inf,Count,NA,-28.493581,-71.860312,0
143,TR_QualBS_Numeric,0.13297230032251536,67,6,0.7327586206896551,7,1,COPEPODA-ESPOBIS Data Base IMO-UdeC,Marine,Temperate/Tropical,FALSE,-Inf,Count,NA,-28.493581,-71.860312,0
148,TR_BodyLength_mm,0.0018428079371774066,29.333678398895792,4.147342995169082,0.8042889186881161,13.587991718426501,2898,South Western Pacific Regional OBIS Data provider for the NIWA Marine Biodata Information System (South Western Pacific OBIS),Marine,Temperate/Tropical,FALSE,-Inf,NA,Weight,-42.407,172.26,3.4620983811351556
148,TR_Mean_LengthMax,-0.05052910052910053,18.166666666666668,3.5,0.4258664914914915,5.5,132,South Western Pacific Regional OBIS Data provider for the NIWA Marine Biodata Information System (South Western Pacific OBIS),Marine,Temperate/Tropical,FALSE,-Inf,NA,Weight,-42.407,172.26,2.12057393120585
163,TR_BodyLength_mm,0.020631449121867686,61.58267716535433,8.260967379077615,0.5074159618483847,9.662542182227222,1015,North Pacific Groundfish Observer (North Pacific Research Board),Marine,Temperate,FALSE,-Inf,Count,Weight,56.5,-168.15,3.0064660422492318
163,TR_Mean_LengthMax,0.01329863181686623,62.07699901283317,8.34649555774926,0.5280165563380664,9.695952615992102,1015,North Pacific Groundfish Observer (North Pacific Research Board),Marine,Temperate,FALSE,-Inf,Count,Weight,56.5,-168.15,3.0064660422492318
166,TR_adult_body_mass_g,0.025845393650804977,12.996147919876734,4.926040061633282,0.8711977243598742,8.343605546995377,1298,PIROP Northwest Atlantic 1965-1992 (SEAMAP),Marine,Global,FALSE,-Inf,Count,NA,36.075242,-70.991806,3.1132746924643504
166,TR_BodyLength_mm,0.017365603877896804,12.998456790123457,4.9282407407407405,0.6757246386735221,8.338734567901234,1298,PIROP Northwest Atlantic 1965-1992 (SEAMAP),Marine,Global,FALSE,-Inf,Count,NA,36.075242,-70.991806,3.1132746924643504
169,TR_adult_body_mass_g,0.09511053571881953,15.440972222222221,10.79861111111111,0.7893577354626385,16.661458333333332,1152,CalCOFI and NMFS Seabird and Marine Mammal Observation Data. 1987-2006 (SEAMAP),Marine,Temperate,FALSE,-0.045757490560675115,Count,NA,34.858456,-121.614941,3.061452479087193
169,TR_BodyLength_mm,0.07060595257281589,13.901234567901234,10.267489711934155,0.49527014060521496,16.405349794238685,791,CalCOFI and NMFS Seabird and Marine Mammal Observation Data. 1987-2006 (SEAMAP),Marine,Temperate,FALSE,-0.045757490560675115,Count,NA,34.858456,-121.614941,2.8981764834976764
171,TR_adult_body_mass_g,0.18280423280423283,13.333333333333334,11.166666666666666,0.860906936046133,11.333333333333334,6,Bahamas Marine Mammal Research Organisation Opportunistic Sightings (SEAMAP),Marine,Temperate/Tropical,FALSE,-Inf,Count,NA,24.896312000000002,-76.292011,0.7781512503836436
171,TR_BodyLength_mm,0.22607576211910957,13.333333333333334,11.166666666666666,0.8303891403345602,11.333333333333334,6,Bahamas Marine Mammal Research Organisation Opportunistic Sightings (SEAMAP),Marine,Temperate/Tropical,FALSE,-Inf,Count,NA,24.896312000000002,-76.292011,0.7781512503836436
172,TR_adult_body_mass_g,-0.2238038598209793,13.033742331288343,9.696319018404909,0.7983480295690912,10.377300613496933,326,POPA cetacean. seabird. and sea turtle sightings in the Azores area 1998-2009 (OBIS SEAMAP),Marine,Temperate,FALSE,-Inf,Count,NA,35.009739,-24.224698,2.513217600067939
172,TR_BodyLength_mm,-0.19140454932733628,13.033742331288343,9.696319018404909,0.7694037283717735,10.377300613496933,326,POPA cetacean. seabird. and sea turtle sightings in the Azores area 1998-2009 (OBIS SEAMAP),Marine,Temperate,FALSE,-Inf,Count,NA,35.009739,-24.224698,2.513217600067939
176,TR_BodyLength_mm,0.19520163211191782,42.035714285714285,3.4285714285714284,0.42947411800018614,7.392857142857143,107,Atlantic Zone Monitoring Program Maritimes Region (AZMP) plankton datasets. In Fisheries and Oceans Canada - BioChem archive (OBIS Canada),Marine,Temperate,FALSE,-6.354577730650908,Count,Weight,45.073359,-60.564453,2.0293837776852097
176,TR_QualBS_Numeric,0.055119546992707234,45.01428571428571,4.65,0.5205052652920923,8.014285714285714,140,Atlantic Zone Monitoring Program Maritimes Region (AZMP) plankton datasets. In Fisheries and Oceans Canada - BioChem archive (OBIS Canada),Marine,Temperate,FALSE,-6.354577730650908,Count,Weight,45.073359,-60.564453,2.146128035678238
180,TR_BodyLength_mm,-0.09696858327139055,19.416245259165613,5.252212389380531,0.8951279209226078,14.40834386852086,6328,ECNASAP - East Coast North America Strategic Assessment (OBIS Canada),Marine,Polar/Temperate,FALSE,-0.4770865125507784,Count,NA,37.770564,-50.792666,3.80126647048962
180,TR_Mean_LengthMax,-0.08108764725756427,19.416245259165613,5.252212389380531,0.964442490785067,14.40834386852086,6328,ECNASAP - East Coast North America Strategic Assessment (OBIS Canada),Marine,Polar/Temperate,FALSE,-0.4770865125507784,Count,NA,37.770564,-50.792666,3.80126647048962
182,TR_BodyLength_mm,-0.14216514940997324,16.917460317460318,14.320634920634921,0.6930631273121508,16.561904761904763,315,Snow crab research trawl survey database (Southern Gulf of St. Lawrence. Gulf region. Canada) from 1988 to 2010 (OBIS Canada),Marine,Temperate,FALSE,-2.1924469105268654,Count,NA,47.480915,-62.76169,2.4983105537896004
182,TR_Mean_LengthMax,-0.0353996955818734,16.813725490196077,14.955882352941176,0.5087918308286722,17.441176470588236,292,Snow crab research trawl survey database (Southern Gulf of St. Lawrence. Gulf region. Canada) from 1988 to 2010 (OBIS Canada),Marine,Temperate,FALSE,-2.1924469105268654,Count,NA,47.480915,-62.76169,2.4653828514484184
183,TR_BodyLength_mm,0.22947869538985607,10.76595744680851,4.617021276595745,0.4758599025078066,9.404255319148936,68,DFO Maritimes Research Vessel Trawl Surveys Invertebrate Observations (OBIS Canada),Marine,Temperate,FALSE,-Inf,Count,NA,43.776648,-63.751421,1.8325089127062364
189,TR_BodyLength_mm,-0.016057683423718935,175,9.75,0.935358529641923,8.75,4,St. John. USVI Fish Assessment and Monitoring Data (2002 - Present) (NOAA-CCMA),Marine,Tropical,FALSE,-4,Count,NA,18.308752,-64.748777,0.6020599913279624
189,TR_Mean_LengthMax,-0.025677491369615325,175,9.75,0.5224481137572928,8.75,4,St. John. USVI Fish Assessment and Monitoring Data (2002 - Present) (NOAA-CCMA),Marine,Tropical,FALSE,-4,Count,NA,18.308752,-64.748777,0.6020599913279624
190,TR_BodyLength_mm,-0.1041942209931813,151.33333333333334,8.666666666666666,0.9475173442386815,7.666666666666667,3,St. Croix. USVI Fish Assessment and Monitoring Data (2002 - Present) (NOAA-CCMA),Marine,Tropical,FALSE,-4,Count,NA,17.756969,-64.604258,0.47712125471966244
190,TR_Mean_LengthMax,-0.05095427211102023,151.33333333333334,8.666666666666666,0.5388442352112452,7.666666666666667,3,St. Croix. USVI Fish Assessment and Monitoring Data (2002 - Present) (NOAA-CCMA),Marine,Tropical,FALSE,-4,Count,NA,17.756969,-64.604258,0.47712125471966244
191,TR_BodyLength_mm,0.06738359541384101,19.444444444444443,2.6666666666666665,0.4644892431096272,8.722222222222221,56,NEFSC Benthic Database (OBIS-USA),Marine,Temperate,FALSE,-Inf,Count,NA,39.123056,-66.64136,1.7481880270062005
191,TR_Mean_LengthMax,-0.10567543195058772,33.5,2,0.444015444015444,11,2,NEFSC Benthic Database (OBIS-USA),Marine,Temperate,FALSE,-Inf,Count,NA,39.123056,-66.64136,0.3010299956639812
191,TR_QualBS_Numeric,0.04385745479398985,53.529411764705884,3.5294117647058822,0.4678480865844685,11.647058823529411,226,NEFSC Benthic Database (OBIS-USA),Marine,Temperate,FALSE,-Inf,Count,NA,39.123056,-66.64136,2.3541084391474008
195,TR_adult_body_mass_g,-0.017198821540240807,91.4738041002278,29.30523917995444,0.8440395246023267,28.840546697038725,439,Breeding birds survey North America,Terrestrial,Temperate,FALSE,1.4052977127120483,Count,NA,40.809241,-96.187269,2.6424645202421213
202,TR_Mean_SeedMass,-0.12698412698412695,75,3,0.5094339622641509,12,1,Mudumalai Forest Dynamics Plot. India - Smithsonian Tropical Research Institute,Terrestrial,Tropical,FALSE,-0.3010299956639812,Count,NA,11.5989,76.5338,0
204,TR_BodyLength_mm,0.01641891926056156,82.93548387096774,5.516129032258065,0.48956537609677037,19.451612903225808,31,MACROBEL Long term trends in the macrobenthos of the Belgian Continental Shelf,Marine,Temperate,FALSE,-6.987162775294828,Count,NA,51.439215,2.682711,1.4913616938342726
211,TR_BodyLength_mm,0.17818871891419447,60.25,6.75,0.9363671519573997,7,4,MARMAP Fly Net 1990-2009,Marine,Temperate,FALSE,-Inf,Count,Weight,32.900962,-78.685508,0.6020599913279624
211,TR_Mean_LengthMax,0.18166186416883398,60.25,6.75,0.9466592191289276,7,4,MARMAP Fly Net 1990-2009,Marine,Temperate,FALSE,-Inf,Count,Weight,32.900962,-78.685508,0.6020599913279624
212,TR_BodyLength_mm,-0.055743178041869706,44.567567567567565,4.162162162162162,0.9194271428747787,5.621621621621622,37,MARMAP Yankee Trawl 1990-2009,Marine,Temperate,FALSE,-Inf,Count,Weight,31.940762,-78.825083,1.568201724066995
212,TR_Mean_LengthMax,-0.047277507373423684,44.567567567567565,4.162162162162162,0.9350435973736962,5.621621621621622,37,MARMAP Yankee Trawl 1990-2009,Marine,Temperate,FALSE,-Inf,Count,Weight,31.940762,-78.825083,1.568201724066995
213,TR_BodyLength_mm,-0.0691110353405231,39.62583444592791,9.802403204272363,0.8340923732935146,33.40220293724967,2996,Northeast Fisheries Science Center Bottom Trawl Survey Data (OBIS-USA),Marine,Temperate,FALSE,-Inf,Count,Weight,36.625131,-72.635974,3.4765418090274287
213,TR_Mean_LengthMax,-0.055865587361049684,39.62583444592791,9.802403204272363,0.8321870372835269,33.40220293724967,2996,Northeast Fisheries Science Center Bottom Trawl Survey Data (OBIS-USA),Marine,Temperate,FALSE,-Inf,Count,Weight,36.625131,-72.635974,3.4765418090274287
214,TR_Max_Height,-0.0681393651209935,12.416666666666666,19.583333333333332,0.9271754120621785,51.333333333333336,12,Long-term growth mortality and regeneration of trees in permanent vegetation plots in the Pacific Northwest 1910 to present,Terrestrial,Temperate,FALSE,-2,Count,NA,45.34296,-122.799,1.0791812460476249
214,TR_Mean_SeedMass,-0.008060920560920566,12.416666666666666,19.583333333333332,0.923720127509333,51.333333333333336,12,Long-term growth mortality and regeneration of trees in permanent vegetation plots in the Pacific Northwest 1910 to present,Terrestrial,Temperate,FALSE,-2,Count,NA,45.34296,-122.799,1.0791812460476249
217,TR_adult_body_mass_g,-0.030536300656634794,50.51428571428571,6.664285714285715,0.7916479824464268,9.897619047619047,420,Landbird Monitoring Program (UMT-LBMP),Terrestrial,Temperate,FALSE,-Inf,Count,NA,46.828888,-109.981603,2.6232492903979003
224,TR_Max_Height,-0.18815322320288697,50,3,0.6697247706422018,10,1,Experiment 133 - Effect of Burning Patterns on Vegetation in the Fish Lake Burn Compartments - Shrub Survey,Terrestrial,Temperate,FALSE,-5.503070351926785,Count,NA,45.4,-93.2,0
224,TR_Mean_SeedMass,-0.1391615183499289,50,3,0.7247706422018348,10,1,Experiment 133 - Effect of Burning Patterns on Vegetation in the Fish Lake Burn Compartments - Shrub Survey,Terrestrial,Temperate,FALSE,-5.503070351926785,Count,NA,45.4,-93.2,0
232,TR_BodyLength_mm,0.08103786236072436,15.076923076923077,5.615384615384615,0.6136796889976092,12.846153846153847,13,Pelagic Fish Observations 1968-1999,Marine,Polar/Temperate,FALSE,-Inf,Count,Weight,-56.814716,93.88436,1.1139433523068367
234,TR_Max_Height,-0.015267620413811484,16,7,0.74,37,1,Forest Inventory of a Northern Hardwood Forest Watershed 6,Terrestrial,Temperate,FALSE,-3.2041199826559246,Count,Weight,43.953465,-71.739556,0
234,TR_Mean_SeedMass,-0.16190476190476194,16,7,0.95,37,1,Forest Inventory of a Northern Hardwood Forest Watershed 6,Terrestrial,Temperate,FALSE,-3.2041199826559246,Count,Weight,43.953465,-71.739556,0
235,TR_Max_Height,-0.23076923076923078,18,4,0.7166666666666667,17,1,Forest Inventory of a Northern Hardwood Forest Watershed 5?,Terrestrial,Temperate,FALSE,-3.2041199826559246,Count,Weight,43.953055,-71.735314,0
235,TR_Mean_SeedMass,-0.06666666666666665,18,4,0.9166666666666666,17,1,Forest Inventory of a Northern Hardwood Forest Watershed 5?,Terrestrial,Temperate,FALSE,-3.2041199826559246,Count,Weight,43.953055,-71.735314,0
240,TR_Mean_SeedMass,0.20264706758854115,167,13,0.560546875,12,1,Pinon-Juniper (Core Site) Quadrat Data for the Net Primary Production Study at the Sevilleta National Wildlife Refuge New Mexico (2003-present ),Terrestrial,Temperate,FALSE,-6,Count,Cover,34.35,-106.88,0
241,TR_Max_Height,-0.03455263479020613,271,4,0.6415694591728526,13,1,Sherman Forest Dynamics Plot Panama,Terrestrial,Tropical,FALSE,-1.2218487496163564,Count,NA,9.3636,-79.9547,0
241,TR_Mean_SeedMass,-0.017631533076713505,271,4,0.5906680805938495,13,1,Sherman Forest Dynamics Plot Panama,Terrestrial,Tropical,FALSE,-1.2218487496163564,Count,NA,9.3636,-79.9547,0
242,TR_Max_Height,0,12,7,0.72,8,1,Lac Croche understory vegetation data set (1998 to 2006),Terrestrial,Temperate,FALSE,-3.3979400086720375,Count,NA,45.993278,-74.001571,0
242,TR_Mean_SeedMass,-0.05454545454545454,12,7,0.9066666666666666,8,1,Lac Croche understory vegetation data set (1998 to 2006),Terrestrial,Temperate,FALSE,-3.3979400086720375,Count,NA,45.993278,-74.001571,0
243,TR_Max_Height,0.31428571428571433,51,22,0.4444444444444444,22,1,Long-term N-fertilized vegetation plots on Hog Island Virginia Coastal Barrier Islands 1992 to 2014,Terrestrial,Temperate,FALSE,-4.6020599913279625,Count,Cover,37.446634,-75.667464,0
243,TR_Mean_SeedMass,0.12318840579710146,51,22,0.49292929292929294,22,1,Long-term N-fertilized vegetation plots on Hog Island Virginia Coastal Barrier Islands 1992 to 2014,Terrestrial,Temperate,FALSE,-4.6020599913279625,Count,Cover,37.446634,-75.667464,0
246,TR_BodyLength_mm,0.06265266969994257,335,15,0.9323597232897771,14,1,Long-term monitoring dataset of fish assemblages impinged at nuclear power plants in northern Taiwan,Marine,Temperate,FALSE,-Inf,Count,NA,25.244306,121.624306,0
248,TR_Max_Height,0.19062547121406775,95,13,0.6834532374100719,12,1,Evidence for long-term shift in plant community composition under decadal experimental warming,Terrestrial,Temperate,FALSE,-5.3979400086720375,Count,NA,43.833333,-102.166667,0
248,TR_Mean_SeedMass,0.09184149184149182,95,13,0.7434052757793765,12,1,Evidence for long-term shift in plant community composition under decadal experimental warming,Terrestrial,Temperate,FALSE,-5.3979400086720375,Count,NA,43.833333,-102.166667,0
252,TR_BodyLength_mm,0.0671551713249525,15.76923076923077,8.307692307692308,0.9892236563079816,9.076923076923077,13,MARMAP Blackfish Trap Survey 1990-2009,Marine,Temperate,FALSE,-Inf,Count,Weight,32.453878,-78.968171,1.1139433523068367
252,TR_Mean_LengthMax,0.09485948812767335,15.76923076923077,8.307692307692308,0.9572729734362724,9.076923076923077,13,MARMAP Blackfish Trap Survey 1990-2009,Marine,Temperate,FALSE,-Inf,Count,Weight,32.453878,-78.968171,1.1139433523068367
255,TR_Max_Height,0.1641973943572963,22,10,0.759493670886076,18,1,Multi-decade. spatially explicit population studies of canopy dynamics in Michigan old-growth forests,Terrestrial,Temperate,TRUE,-Inf,Count,NA,46.3667,-87.1333,0
255,TR_Mean_SeedMass,0.04210526315789474,22,10,0.8987341772151899,18,1,Multi-decade. spatially explicit population studies of canopy dynamics in Michigan old-growth forests,Terrestrial,Temperate,TRUE,-Inf,Count,NA,46.3667,-87.1333,0
271,TR_BodyLength_mm,-0.016072031832682597,41.75,14.125,0.8879631077606258,13.125,8,Santa Barbara Coastal LTER,Marine,Temperate,FALSE,-4.096910013008056,Count,NA,34.305653,-119.874919,0.9030899869919435
271,TR_Mean_LengthMax,-0.13959615630603323,42.5,14.5,0.4629964904655591,13.5,8,Santa Barbara Coastal LTER,Marine,Temperate,FALSE,-4.096910013008056,Count,NA,34.305653,-119.874919,0.9030899869919435
275,TR_adult_body_mass_g,-0.0989010989010989,19,6,0.77,5,1,Response of an urban remnant reptile community to summer wildfire,Terrestrial,Temperate,TRUE,-3.1372724716820253,Count,Size,-31.967534,115.83329,0
284,TR_BodyLength_mm,-0.46121818463635766,14.5,2.2083333333333335,0.8343058180567855,5.25,24,Previous_fisheries_REVIZEE_Program (Tropical and Subtropical Western South Atlantic OBIS),Marine,Temperate/Tropical,FALSE,-Inf,Count,Weight,-11.20568,-43.616987,1.380211241711606
284,TR_Mean_LengthMax,-0.3329273272498435,14.761904761904763,2.1904761904761907,0.5168230370298039,5.238095238095238,23,Previous_fisheries_REVIZEE_Program (Tropical and Subtropical Western South Atlantic OBIS),Marine,Temperate/Tropical,FALSE,-Inf,Count,Weight,-11.20568,-43.616987,1.3617278360175928
287,TR_BodyLength_mm,0.22205710839005005,13,5,0.5782828282828283,6,2,Maine Department of Marine Resources Inshore Trawl Survey 2000?2009 (OBIS-USA),Marine,Temperate,FALSE,-Inf,Count,NA,43.856176,-68.983682,0.3010299956639812
288,TR_BodyLength_mm,-0.054009630790495006,13.622309197651663,5.262230919765166,0.8498413436816586,15.28962818003914,511,DFO Maritimes Research Vessel Trawl Surveys Fish Observations (OBIS Canada),Marine,Temperate,FALSE,-Inf,Count,NA,43.977389,-63.682015,2.708420900134713
288,TR_Mean_LengthMax,-0.0568930842465211,13.622309197651663,5.262230919765166,0.9184300218402554,15.28962818003914,511,DFO Maritimes Research Vessel Trawl Surveys Fish Observations (OBIS Canada),Marine,Temperate,FALSE,-Inf,Count,NA,43.977389,-63.682015,2.708420900134713
290,TR_BodyLength_mm,-0.04887787820674033,53.916666666666664,2.5,0.8900376849784858,6.166666666666667,12,CSIRO Marine Data Warehouse (OBIS Australia),Marine,Temperate/Tropical,FALSE,-Inf,Count,Weight,-25.812976,135.277583,1.0791812460476249
292,TR_BodyLength_mm,0.2936751979575026,23,2,0.9334650856389987,5,3,CSIRO Marine Data Warehouse (OBIS Australia),Marine,Temperate/Tropical,FALSE,-Inf,Count,NA,-25.212197,135.825419,0.47712125471966244
295,TR_BodyLength_mm,-0.05018335014329416,119.53846153846153,6,0.9186061732959223,6.384615384615385,13,Systematic global assessment of reef fish communities by the Reef Life Survey program,Marine,Temperate,FALSE,-3.3010299956639813,Count,Weight,-33.051303,139.183766,1.1139433523068367
296,TR_BodyLength_mm,-0.010734139573381483,82.7,5.8,0.5086449600299533,6.3,10,Systematic global assessment of reef fish communities by the Reef Life Survey program,Marine,Temperate,FALSE,-4,Count,NA,-33.051303,139.183766,1
297,TR_BodyLength_mm,0.2259720219710163,11.333333333333334,11,0.7449056089415934,10,3,MCR LTERCoral Reef Long-term Population and Community Dynamics Other Benthic Invertebrates. ongoing since 2005,Marine,Tropical,FALSE,-Inf,Count,NA,-17.524634,-149.837295,0.47712125471966244
298,TR_Max_Height,0.20287768914860826,146,56,0.4600980829246545,69,1,Long-term mapped quadrats from Kansas prairie demographic information for herbaceaous plants,Terrestrial,Temperate,FALSE,-6,NA,Cover,38.8,-99.3,0
298,TR_Mean_SeedMass,-0.03994845360824742,146,56,0.6263932233615693,69,1,Long-term mapped quadrats from Kansas prairie demographic information for herbaceaous plants,Terrestrial,Temperate,FALSE,-6,NA,Cover,38.8,-99.3,0
307,TR_Max_Height,0.01732880644975926,83,3,0.723404255319149,9,1,Kellogg LTER seed bank,Terrestrial,Temperate,FALSE,-Inf,Count,NA,42.40885,-85.38318,0
307,TR_Mean_SeedMass,-0.028739180883156305,83,3,0.7304964539007093,9,1,Kellogg LTER seed bank,Terrestrial,Temperate,FALSE,-Inf,Count,NA,42.40885,-85.38318,0
308,TR_adult_body_mass_g,-0.21212121212121213,14,21,0.8009478672985783,20,1,Powdermill Nature Reserve monitored small mammal populations from 1979-1999.,Terrestrial,Temperate,FALSE,-3,Count,Weight,40.170741,-79.260178,0
311,TR_adult_body_mass_g,0.3445015510579288,15,33,1,32,1,Seasonal summary of numbers of small mammals on 14 LTER traplines in prairie habitats at Konza Prairie,Terrestrial,Temperate,FALSE,-1.2218487496163564,Count,NA,39.083333,-96.583333,0
312,TR_adult_body_mass_g,0.12121212121212122,13,9,0.9217391304347826,25,1,Stability in a Multi-Species Assemblage of Large Herbivores in East Africa,Terrestrial,Tropical,TRUE,2,Count,NA,3.5,35.75,0
316,TR_adult_body_mass_g,0.24444444444444444,21,18,0.4947916666666667,17,1,Lizard pitfall trap data (LTER-II LTER-III),Terrestrial,Temperate,FALSE,-3.0457574905606752,Count,Weight,32.62,-106.74,0
319,TR_adult_body_mass_g,-0.026030430005647975,35,14,0.6810344827586207,14,1,Effects of rangeland management on community dynamics of herpetofauna to the tallgrass prairie,Terrestrial,Temperate,FALSE,-2.0969100130080562,Count,NA,37.25,-96.71666,0
321,TR_adult_body_mass_g,-0.37638632635454056,19,13,0.9751552795031055,12,1,Small Mammal Exclosure Study. Jornada LTER.  SMES rodent trapping data,Terrestrial,Temperate,FALSE,-0.3010299956639812,Count,Weight,32.550335,-106.811564,0
327,TR_adult_body_mass_g,0.16363636363636364,12,17,0.8776978417266187,16,1,Fray Jorge Small Mammals 1989-2005,Terrestrial,Temperate,TRUE,-3.6478174818886373,Count,Weight,-30.6,-71.7,0
330,TR_BodyLength_mm,-0.023319717552268287,69.08333333333333,4.25,0.612182219820003,37.25,30,Over 75 years of zooplankton data from Australia,Marine,Temperate/Tropical,FALSE,-Inf,Density,NA,-23.830553,136.449216,1.4771212547196624
330,TR_QualBS_Numeric,-0.05148703426717283,80.86842105263158,4.7368421052631575,0.5723158077320483,43.10526315789474,40,Over 75 years of zooplankton data from Australia,Marine,Temperate/Tropical,FALSE,-Inf,Density,NA,-23.830553,136.449216,1.6020599913279625
334,TR_Max_Height,0.015267620413811484,40,6,0.44329896907216493,18,1,Above ground plant biomass in a mesic acidic tussock tundra experimental site from 1982 to 20000 Toolik lake Alaska,Terrestrial,Polar,TRUE,-6.3979400086720375,NA,Weight,68.629636,-149.575656,0
336,TR_Mean_SeedMass,0.1573407443682532,100,14,0.5244956772334294,13,1,Long term monitoring and experimental manipulation of a Chihuahuan Desert ecosystem near Portal Arizona,Terrestrial,Temperate,TRUE,-3.3010299956639813,Count,NA,31.938889,-109.0797,0
339,TR_adult_body_mass_g,-0.021848739495798325,39,57,0.8669421487603306,56,1,Species trends turnover and composition of a woodland bird community in southern Sweden during a period of 57 years.,Terrestrial,Temperate,FALSE,-Inf,Count,NA,55.71667,13.33333,0
340,TR_Mean_SeedMass,-0.21414141414141413,93,15,0.4887640449438202,14,1,Small Mammal Exclosure Study (SMES) Vegetation Data from the Chihuahuan Desert,Terrestrial,Temperate,TRUE,-7,Count,NA,34.296,-106.9267,0
348,TR_adult_body_mass_g,0.07692307692307693,13,10,1,10,1,Bats (Mammalia Chiroptera) in restinga in the municipality of Jaguaruna south of Santa Catarina Brazil.,Terrestrial,Temperate/Tropical,FALSE,-Inf,Count,Weight,-28.6089,-48.98125,0
349,TR_BodyLength_mm,0.19465902559338236,78,3,0.49264705882352944,14,1,St. M polychaete species time-series,Marine,Temperate,FALSE,-7.083019952679618,Count,Weight,34.91799,-123.025626,0
355,TR_Max_Height,-0.0035097381655897143,324,33,0.6006674082313682,32,1,Plant Species Composition on Selected Watersheds at Konza Prairie,Terrestrial,Temperate,TRUE,-5,NA,Cover,39.083333,-96.58333,0
355,TR_Mean_SeedMass,0.052829588837849543,324,33,0.80073097092007,32,1,Plant Species Composition on Selected Watersheds at Konza Prairie,Terrestrial,Temperate,TRUE,-5,NA,Cover,39.083333,-96.58333,0
356,TR_Mean_SeedMass,0.10605043990201929,66.88888888888889,12.666666666666666,0.5019952268623323,36.55555555555556,9,Long-term stem inventory data from tropical rain forest plots in Australia,Terrestrial,Tropical,FALSE,-2.3010299956639813,Count,NA,-17.03808,145.561207,0.9542425094393249
357,TR_adult_body_mass_g,0.13483997249264842,10,13,1,12,1,Small Mammal Trapping Webs on the Central Plains Experimental Range,Terrestrial,Temperate,FALSE,-3,Count,NA,40.82889,-104.7582,0
358,TR_adult_body_mass_g,-0.06666666666666667,14,16,0.7571428571428571,15,1,Neotropical Migratory Bird Communities in a Developing Pine Plantation,Terrestrial,Temperate,TRUE,-1.6989700043360187,Density,NA,31.58333,-94.81666,0
359,TR_BodyLength_mm,0.011876251853689249,43.833333333333336,11.833333333333334,0.8829233168731212,10.833333333333334,6,SBC LTER Reef Kelp Forest Community Dynamics Fish abundance,Marine,Temperate,TRUE,-5.698970004336019,Count,NA,34.308906,-119.874156,0.7781512503836436
359,TR_Mean_LengthMax,-0.06007319225722923,44.8,12.4,0.4522516462402753,11.4,6,SBC LTER Reef Kelp Forest Community Dynamics Fish abundance,Marine,Temperate,TRUE,-5.698970004336019,Count,NA,34.308906,-119.874156,0.7781512503836436
360,TR_adult_body_mass_g,0.1415814423518105,86,40,0.9096138044371405,39,1,Bialowieza National Park bird assemblage,Terrestrial,Temperate,TRUE,-0.6020599913279624,NA,Weight,52.716667,24.26666,0
361,TR_adult_body_mass_g,0.005847953216374269,20,22,0.9812206572769953,21,1,A long-term bird population study in an Appalachian spruce forest,Terrestrial,Temperate,FALSE,-1.080921907623926,Count,NA,38.61,-79.83472,0
363,TR_adult_body_mass_g,0.1053763440860215,35,37,0.8913385826771654,36,1,The 37-year dynamics of a subalpine bird community with special emphasis on the influence of environmental temperature and Epirrita autumnata cycles.,Terrestrial,Temperate,TRUE,-Inf,Count,NA,65.968055,16.31666,0
364,TR_Max_Height,0.09379580992210837,14,14,0.9512195121951219,17,1,Long-term reductions in anthropogenic nutrients link to improvements in Chesapeake Bay habitat,Freshwater,Temperate,FALSE,-Inf,NA,Cover,38.901,-77.069,0
364,TR_Mean_SeedMass,0.047619047619047616,14,14,0.5691056910569106,17,1,Long-term reductions in anthropogenic nutrients link to improvements in Chesapeake Bay habitat,Freshwater,Temperate,FALSE,-Inf,NA,Cover,38.901,-77.069,0
365,TR_BodyLength_mm,0.13332366590934716,34.666666666666664,6,0.8756119275936349,5,3,Hahei marine dataset (1997-2002),Marine,Temperate,FALSE,-1.6020599913279623,Count,NA,-37.256487,176.325134,0.47712125471966244
366,TR_adult_body_mass_g,0.03896103896103896,24,25,0.9653465346534653,24,1,Small Mammal Exclosure Study (SMES),Terrestrial,Temperate,FALSE,-Inf,Count,NA,34.35,-106.88,0
367,TR_QualBS_Numeric,-0.1353937324099872,137,6,0.4025974025974026,5,2,Monitoring site 1000 Coastal zone research - Tidal flat survey,Marine,Temperate,FALSE,-6.6020599913279625,Count,NA,34.058009,134.978473,0.3010299956639812
371,TR_BodyLength_mm,0,32,6,0.5043478260869565,5,1,Monitoring site 1000 coastal zone research - Algae survey transects,Marine,Temperate,FALSE,-4.6020599913279625,NA,Cover,36.7054,137.264584,0
372,TR_adult_body_mass_g,0.09586359888889573,61,6.5,0.8328593980125563,5.5,6,Monitoring site 1000 Village survey - Bird survey data,Terrestrial,Temperate,FALSE,-1,Count,NA,34.952002,134.975315,0.7781512503836436
373,TR_adult_body_mass_g,0.17362637362637362,16,6.25,0.7486936318715675,6,4,Village survey Medium and large mammal survey data,Terrestrial,Temperate,FALSE,0,Count,NA,37.071487,137.151876,0.6020599913279624
374,TR_adult_body_mass_g,0.021884599178614832,34.91346153846154,10.067307692307692,0.9381217676382684,9.403846153846153,104,Monitoring site 1000 Shorebird Survey,Marine,Temperate,FALSE,-Inf,Count,NA,35.961249,136.046062,2.0170333392987803
374,TR_BodyLength_mm,-0.014905779882965776,35.662921348314605,9.9438202247191,0.4856366094579623,9.325842696629213,102,Monitoring site 1000 Shorebird Survey,Marine,Temperate,FALSE,-Inf,Count,NA,35.961249,136.046062,2.0086001717619175
381,TR_adult_body_mass_g,0.15469849363075236,29,7,0.50625,6,1,Long-term sampling of a herpetofaunal assemblage on an isolated urban bushland,Terrestrial,Temperate,TRUE,-Inf,Count,NA,-31.9333,115.7666,0
384,TR_Max_Height,-0.44752340751875797,14,3,0.925,33,1,Cahnov-Soutok,Terrestrial,Temperate,TRUE,-0.7614521123186722,Count,Weight,48.655242,16.94116,0
384,TR_Mean_SeedMass,0.23076923076923078,14,3,0.925,33,1,Cahnov-Soutok,Terrestrial,Temperate,TRUE,-0.7614521123186722,Count,Weight,48.655242,16.94116,0
389,TR_Max_Height,-0.04244373438135827,20,3,0.9795918367346939,33,1,Ranspurk,Terrestrial,Temperate,TRUE,-0.6526699846830496,Count,Weight,48.678817,16.948159,0
389,TR_Mean_SeedMass,-0.19941434720537296,20,3,0.9795918367346939,33,1,Ranspurk,Terrestrial,Temperate,TRUE,-0.6526699846830496,Count,Weight,48.678817,16.948159,0
392,TR_Max_Height,-0.4001633653325206,10,3,0.9310344827586207,39,1,Stozec,Terrestrial,Temperate,TRUE,-0.7902169851514851,Count,Weight,48.879723,13.835815,0
392,TR_Mean_SeedMass,0,10,3,0.9310344827586207,39,1,Stozec,Terrestrial,Temperate,TRUE,-0.7902169851514851,Count,Weight,48.879723,13.835815,0
393,TR_Max_Height,0.29574238257529467,15,3,1,37,1,Velka Ples,Terrestrial,Temperate,TRUE,-0.9808837095529273,Count,Weight,49.989616,13.803386,0
393,TR_Mean_SeedMass,0.21904761904761907,15,3,1,37,1,Velka Ples,Terrestrial,Temperate,TRUE,-0.9808837095529273,Count,Weight,49.989616,13.803386,0
394,TR_Max_Height,-0.46004370622823615,10,3,1,37,1,Zakova hora,Terrestrial,Temperate,TRUE,-0.757955760630449,Count,Weight,49.65469,15.990502,0
394,TR_Mean_SeedMass,-0.5111111111111111,10,3,1,37,1,Zakova hora,Terrestrial,Temperate,TRUE,-0.757955760630449,Count,Weight,49.65469,15.990502,0
396,TR_Max_Height,-0.020222922453035117,22,2,0.9545454545454546,10,1,Doutnac,Terrestrial,Temperate,TRUE,-0.1752235375244543,Count,Weight,49.955324,14.153373,0
396,TR_Mean_SeedMass,0.29178642683553485,22,2,0.9090909090909091,10,1,Doutnac,Terrestrial,Temperate,TRUE,-0.1752235375244543,Count,Weight,49.955324,14.153373,0
398,TR_Max_Height,-0.4573295603800236,16,2,0.5483870967741935,22,1,Polom,Terrestrial,Temperate,TRUE,-0.7135435302530172,Count,Weight,49.789846,15.752199,0
398,TR_Mean_SeedMass,0.022222222222222223,16,2,0.6129032258064516,22,1,Polom,Terrestrial,Temperate,TRUE,-0.7135435302530172,Count,Weight,49.789846,15.752199,0
401,TR_Max_Height,-0.08451542547285167,11,2,0.8571428571428571,20,1,Kohoutov,Terrestrial,Temperate,TRUE,-0.5970511706555952,Count,NA,49.922466,13.77211,0
401,TR_Mean_SeedMass,-0.21428571428571427,11,2,0.7619047619047619,20,1,Kohoutov,Terrestrial,Temperate,TRUE,-0.5970511706555952,Count,NA,49.922466,13.77211,0
412,TR_BodyLength_mm,0.04629751813560378,214,6,0.7622641509433963,5,1,Icthyoplankton data collected from Yenliao Bay in 6 stations northeast of Taiwan (1995-2000),Marine,Temperate,FALSE,-Inf,Density,NA,25.041666,121.941667,0
413,TR_adult_body_mass_g,0.2604943315407454,60,44,0.8035117056856187,49,1,Bird populations in east central Illinois. Fluctuations variations and development over a half-century,Terrestrial,Temperate,FALSE,-Inf,Density,NA,39.98333,-88.65,0
414,TR_adult_body_mass_g,0.11951219512195121,48,48,0.754932502596054,52,1,Bird populations in east central Illinois. Fluctuations variations and development over a half-century,Terrestrial,Temperate,FALSE,-Inf,Density,NA,39.98333,-88.65,0
415,TR_adult_body_mass_g,0.1013514438928873,45,8,0.8600823045267489,18,1,Bird populations in east central Illinois. Fluctuations variations and development over a half-century,Terrestrial,Temperate,FALSE,-Inf,Density,NA,40.13333,-88.3,0
416,TR_adult_body_mass_g,0.24101479915433402,53,25,0.783289817232376,25,1,Bird populations in east central Illinois. Fluctuations variations and development over a half-century,Terrestrial,Temperate,FALSE,-Inf,Density,NA,40.13333,-88.3,0
419,TR_adult_body_mass_g,-0.09206349206349204,54,19,0.7344961240310077,18,1,Data collected aboard cruises off the coast of the Western Antarctic Penninsula,Marine,Temperate,FALSE,-Inf,Count,NA,-64.77,-64.05,0
420,TR_adult_body_mass_g,0.08023261238009702,47,38,0.9423368740515933,37,1,Species composition and population fluctuations of alpine bird communities during 38 years in the Scandinavian mountain range,Terrestrial,Polar/Temperate,FALSE,-Inf,Count,NA,67.077,17.435,0
428,TR_BodyLength_mm,-0.20190283374135506,46,65.73684210526316,0.7357279725884818,70.57894736842105,38,Long term monitoring of fish abundances from coastal SKagerrak,Marine,Temperate,FALSE,-Inf,Count,NA,58.95856,9.768152,1.5797835966168101
428,TR_Mean_LengthMax,-0.22343103372220455,46,65.73684210526316,0.6746160866187755,70.57894736842105,38,Long term monitoring of fish abundances from coastal SKagerrak,Marine,Temperate,FALSE,-Inf,Count,NA,58.95856,9.768152,1.5797835966168101
430,TR_BodyLength_mm,-0.10381324939129892,11.88679245283019,5.188679245283019,0.7134459006177187,16.264150943396228,106,The New Zealand Freshwater Fish Database - Electric fishing - Backpack,Freshwater,Temperate,FALSE,-Inf,Count,NA,-40.942837,172.499296,2.0253058652647704
431,TR_BodyLength_mm,0.014085904245475279,11,5.5,0.7115384615384616,13.5,2,The New Zealand Freshwater Fish Database - Traps- Gee Minnow traps,Freshwater,Temperate,FALSE,-Inf,Count,NA,-40.633637,172.449936,0.3010299956639812
432,TR_BodyLength_mm,-0.10584767020428072,12.7,5,0.6784008359170042,10.75,20,The New Zealand Freshwater Fish Database - Observation (Spotlighting visual),Freshwater,Temperate,FALSE,-Inf,Count,NA,-40.492606,172.715575,1.3010299956639813
436,TR_BodyLength_mm,-0.06917439166316244,221.36363636363637,4.636363636363637,0.9540666126904974,6.636363636363637,11,Karimunjawa WCS fish survey,Marine,Tropical,FALSE,-Inf,Density,Weight,-5.819316,110.362535,1.041392685158225
437,TR_BodyLength_mm,-0.0530878147487293,92.375,3.375,0.9113335038148582,5.375,8,Aceh WCS fish survey 2010 to 2016,Marine,Tropical,FALSE,-Inf,Density,Weight,5.753012,95.279879,0.9030899869919435
438,TR_BodyLength_mm,0.012070948910518806,325,6,0.9464906763071137,7.1,10,Aceh WCS fish surveys,Marine,Tropical,FALSE,-Inf,Density,Weight,5.764892,95.219244,1
439,TR_adult_body_mass_g,-0.028960828223386855,52,13,0.9571428571428572,12,1,Long-term dynamics of bird populations in pine forests of Ilmen Nature Reserve during the breeding period individuals / km2,Terrestrial,Temperate,TRUE,-Inf,Density,NA,54.504083,60.293995,0
440,TR_adult_body_mass_g,-0.08096336417420964,68,13,0.9533468559837728,12,1,Long-term dynamics of bird populations in pine-birch forests of Ilmen Nature Reserve during the breeding period individuals / km2,Terrestrial,Temperate,TRUE,-Inf,Density,NA,54.504083,60.293995,0
441,TR_adult_body_mass_g,-0.08656174334140436,61,13,0.9713541666666666,12,1,Long-term dynamics of bird populations in birch forests of Ilmen Nature Reserve during the breeding period individuals / km2,Terrestrial,Temperate,TRUE,-Inf,Count,NA,54.504083,60.293995,0
442,TR_adult_body_mass_g,0.009288103752413637,33,6,0.8137931034482758,5,1,Composition and abundance of bird species in the village Matabay in June 1980-1985 (absolute indicators (area 025 km2)),Terrestrial,Temperate,TRUE,-Inf,Count,NA,48.66874,85.65439,0
447,TR_adult_body_mass_g,0.15555555555555556,10,9,1,8,1,Long-term population dynamics of small mammals in the Natural Boundary Morozova Gora (individuals / 100 trap-nights),Terrestrial,Temperate,TRUE,-Inf,Density,NA,52.601389,38.928288,0
450,TR_BodyLength_mm,0.24210526315789477,26,4,0.7745098039215687,7,1,Composition (%) and biomass (thous. tons) of fish species  in Olyutorsky-Navarin area in 2005-2012,Marine,Temperate,FALSE,-Inf,NA,Weight,60.233333,168.35,0
450,TR_Mean_LengthMax,0.3714285714285715,26,4,0.8137254901960784,7,1,Composition (%) and biomass (thous. tons) of fish species  in Olyutorsky-Navarin area in 2005-2012,Marine,Temperate,FALSE,-Inf,NA,Weight,60.233333,168.35,0
451,TR_BodyLength_mm,0.15469849363075236,20,4,0.7051282051282052,7,1,Composition (%) and biomass (thous. tons) of fish species  in  Gulf of Anadyr in 2005-2012,Marine,Temperate,FALSE,-Inf,NA,Weight,64,-178,0
451,TR_Mean_LengthMax,0.35,20,4,0.8076923076923077,7,1,Composition (%) and biomass (thous. tons) of fish species  in  Gulf of Anadyr in 2005-2012,Marine,Temperate,FALSE,-Inf,NA,Weight,64,-178,0
452,TR_BodyLength_mm,0.3090909090909091,13,8,0.84,8,1,Year-to-year dynamics of total nekton biomass (thous. tons) in the upper epipelagic of the North-West Pacific in June-July of 2000s,Marine,Temperate,FALSE,-Inf,NA,Weight,47,160,0
452,TR_Mean_LengthMax,0.42857142857142855,13,8,0.54,8,1,Year-to-year dynamics of total nekton biomass (thous. tons) in the upper epipelagic of the North-West Pacific in June-July of 2000s,Marine,Temperate,FALSE,-Inf,NA,Weight,47,160,0
457,TR_QualBS_Numeric,-0.07387862855147638,226,8,0.9303322615219721,11,1,Dynamics of a coral reef community,Marine,Tropical,TRUE,-Inf,MeanCount,NA,21.944853,120.768636,0
465,TR_Max_Height,-0.03690852383463182,31,6,0.8441734769982703,5,5,Plants from the Bavarian Forest,Terrestrial,Temperate,FALSE,-Inf,Count,NA,49.580698,13.309649,0.6989700043360189
465,TR_Mean_SeedMass,0.11490551752604816,31,6,0.7891913293238333,5,5,Plants from the Bavarian Forest,Terrestrial,Temperate,FALSE,-Inf,Count,NA,49.580698,13.309649,0.6989700043360189
466,TR_BodyLength_mm,-0.06889244951881794,26.69871794871795,9.41025641025641,0.8889462926066755,15.929487179487179,156,Trawl Survey Data from Rockall Scotland (1986 - 2008),Marine,Temperate,FALSE,0.6989700043360189,Count,NA,56.990544,-9.07255,2.1931245983544616
466,TR_Mean_LengthMax,-0.07629306355489747,26.69871794871795,9.41025641025641,0.9062291680699652,15.929487179487179,156,Trawl Survey Data from Rockall Scotland (1986 - 2008),Marine,Temperate,FALSE,0.6989700043360189,Count,NA,56.990544,-9.07255,2.1931245983544616
467,TR_BodyLength_mm,0.004001333342093913,38.57142857142857,4,0.8459424332302342,12,7,Spatial and temporal organisation of a coastal lagoon fish community,Marine,Temperate,FALSE,-Inf,Count,Weight,40.675834,-8.684562,0.8450980400142568
467,TR_Mean_LengthMax,-0.035250941426764285,38.57142857142857,4,0.7647621139552644,12,7,Spatial and temporal organisation of a coastal lagoon fish community,Marine,Temperate,FALSE,-Inf,Count,Weight,40.675834,-8.684562,0.8450980400142568
471,TR_Mean_SeedMass,0.038623605029256144,162,10,0.46618357487922707,9,1,Prescribed Burn Effect on Chihuahuan Desert Grasses and Shrubs at the Sevilleta National Wildlife Refuge,Terrestrial,Temperate,TRUE,-Inf,Count,NA,34.35,-106.88,0
473,TR_Mean_SeedMass,-0.22739294559759698,95,14,0.5433070866141733,13,1,Fourteen years of mapped permanent quadrats in a northern mixed prairie,Terrestrial,Temperate,FALSE,-Inf,Count,NA,46.316667,-105.8,0
475,TR_adult_body_mass_g,0.164021164021164,34,12,0.8318042813455657,12,1,Structure and dynamics of a passerine bird community in a spruce-dominated boreal forest,Terrestrial,Temperate,FALSE,-Inf,Count,NA,63.41667,10.5,0
479,TR_Max_Height,0.21327500566641414,75,9,0.5550847457627118,9,1,"ITEX Dataset 1 - Abisko (Wet, Dry, Peatland), Kanger (Bashful, Dopey, Sneezy) and Kilpisjarvi",Terrestrial,Polar,FALSE,-Inf,NA,Cover,68.120719,-3.822305,0
480,TR_Max_Height,0.10577412058827453,33,3,0.4691358024691358,10,1,ITEX Dataset 2 - Wolfcreek,Terrestrial,Temperate,FALSE,-Inf,NA,Cover,61.56,-135.13,0
480,TR_Mean_SeedMass,-0.22966770070528586,33,3,0.4567901234567901,10,1,ITEX Dataset 2 - Wolfcreek,Terrestrial,Temperate,FALSE,-Inf,NA,Cover,61.56,-135.13,0
481,TR_Max_Height,0.19518001458970663,23,3,0.6181818181818182,7,1,ITEX Dataset 3 - Bylot (Mesprairie and Mespolygon),Terrestrial,Polar,FALSE,-Inf,NA,Cover,73.154112,-79.944419,0
481,TR_Mean_SeedMass,0.2568915451961508,23,3,0.4727272727272727,7,1,ITEX Dataset 3 - Bylot (Mesprairie and Mespolygon),Terrestrial,Polar,FALSE,-Inf,NA,Cover,73.154112,-79.944419,0
483,TR_Max_Height,-0.14671884264365215,54,24,0.489769820971867,23,1,ITEX Dataset 5 - Teberda (Malaya Alpine-Snowbed and Geranium Hedysarum Meadow),Terrestrial,Temperate,FALSE,-3.3010299956639813,NA,Cover,43.27,41.41,0
483,TR_Mean_SeedMass,0.05138339920948617,54,24,0.4680306905370844,23,1,ITEX Dataset 5 - Teberda (Malaya Alpine-Snowbed and Geranium Hedysarum Meadow),Terrestrial,Temperate,FALSE,-3.3010299956639813,NA,Cover,43.27,41.41,0
485,TR_Max_Height,0.25989723780386553,128,3,0.8532423208191127,8,1,"ITEX Dataset 7 - Akureyri (GA66, MD72, SB63, SY59), Blonduos (SD33, SD34), Dalsmynni (AG4, KD24, KD25), Hjardarland (LH92, SH90), Holtavorduheidi (AH37, AH38, VH49), Modruvellir (LH69, MV51, MV52), Oxnadalsheidi (SA16, SA17, SA19) and Thykkvibaer (HH100, RT81, VE82)",Terrestrial,Temperate,FALSE,-Inf,NA,Cover,64.853559,-19.675504,0
485,TR_Mean_SeedMass,0.14249989291875192,128,3,0.6689419795221843,8,1,"ITEX Dataset 7 - Akureyri (GA66, MD72, SB63, SY59), Blonduos (SD33, SD34), Dalsmynni (AG4, KD24, KD25), Hjardarland (LH92, SH90), Holtavorduheidi (AH37, AH38, VH49), Modruvellir (LH69, MV51, MV52), Oxnadalsheidi (SA16, SA17, SA19) and Thykkvibaer (HH100, RT81, VE82)",Terrestrial,Temperate,FALSE,-Inf,NA,Cover,64.853559,-19.675504,0
486,TR_Max_Height,-0.05533635643104763,47,3,0.8130841121495327,15,1,ITEX Dataset 8 - Valbercla (Alpine),Terrestrial,Temperate,FALSE,-Inf,NA,Cover,46.4758,9.5842,0
486,TR_Mean_SeedMass,-0.2621308725185731,47,3,0.4953271028037383,15,1,ITEX Dataset 8 - Valbercla (Alpine),Terrestrial,Temperate,FALSE,-Inf,NA,Cover,46.4758,9.5842,0
487,TR_Max_Height,-0.3678403918973623,19,2,0.5172413793103449,17,1,"ITEX Dataset 9 - Alexfiord (Levdolomite, Levgranite) and Sverdrup",Terrestrial,Polar,FALSE,-Inf,NA,Cover,78.95357,-77.1412,0
489,TR_Max_Height,0.14308927326195336,55,3,0.5571428571428572,8,1,ITEX Dataset 11 - Finse (Ridge),Terrestrial,Temperate,FALSE,-1.6020599913279623,NA,Cover,60.37,7.32,0
489,TR_Mean_SeedMass,0.20801551633270274,55,3,0.45714285714285713,8,1,ITEX Dataset 11 - Finse (Ridge),Terrestrial,Temperate,FALSE,-1.6020599913279623,NA,Cover,60.37,7.32,0
492,TR_Max_Height,-0.12988108336653278,30,13,0.42105263157894735,24,1,"ITEX Dataset 14 - Toolik (LTER Heath, LTER Moist acidic tussock, LTER non-acidic tussock, LTER wet sedge, SAG wet sedge2, Tussock 1981 plots)",Terrestrial,Polar,FALSE,-Inf,NA,Cover,68.6295,-149.578,0
495,TR_Max_Height,-0.018971862935746986,77,4,0.5,9,1,ITEX Dataset 17 - Dovre (Kuntshoe) and Faroe (Sornfelli),Terrestrial,Temperate,FALSE,-Inf,NA,Cover,62.183333,1.334931,0
495,TR_Mean_SeedMass,-0.004032258064516129,77,4,0.44047619047619047,9,1,ITEX Dataset 17 - Dovre (Kuntshoe) and Faroe (Sornfelli),Terrestrial,Temperate,FALSE,-Inf,NA,Cover,62.183333,1.334931,0
496,TR_Max_Height,0.11822770978742224,222,2,0.8455696202531645,8,1,ITEX Dataset 18 - Alpine plots (Sonja Wipf),Terrestrial,Temperate,FALSE,-Inf,NA,Cover,46.431624,8.672891,0
496,TR_Mean_SeedMass,-0.03387476059743156,222,2,0.6227848101265823,8,1,ITEX Dataset 18 - Alpine plots (Sonja Wipf),Terrestrial,Temperate,FALSE,-Inf,NA,Cover,46.431624,8.672891,0
497,TR_Max_Height,0.20667724684415945,59,29,0.46683459277917716,28,1,"ITEX Dataset 19 - Teberda (Festuca Varia Grassland, Malaya Alpine Lichen-Heath)",Terrestrial,Temperate,FALSE,-Inf,NA,Cover,43.27,41.42,0
497,TR_Mean_SeedMass,0.11018379294353935,59,29,0.45004198152812763,28,1,"ITEX Dataset 19 - Teberda (Festuca Varia Grassland, Malaya Alpine Lichen-Heath)",Terrestrial,Temperate,FALSE,-Inf,NA,Cover,43.27,41.42,0
499,TR_BodyLength_mm,0.05180125589084292,95.75,15.75,0.5811670454816693,17.5,4,Macrobenthos monitoring at long-term monitoring stations in the Belgian part of the North Sea between 1979 and 1999,Marine,Temperate,FALSE,-0.5228787452803376,Density,NA,51.484534,2.895343,0.6020599913279624
500,TR_BodyLength_mm,0.001402154884815578,124.05882352941177,9.588235294117647,0.5013638691274915,9.058823529411764,17,Macrobenthos monitoring at long-term monitoring stations in the Belgian part of the North Sea from 2001 on,Marine,Temperate,FALSE,-0.5228787452803376,Density,NA,51.494523,2.812248,1.2304489213782739
501,TR_BodyLength_mm,3.918396700893725e-4,79.83333333333333,7.916666666666667,0.9079934946979422,6.916666666666667,12,Epibenthos and demersal fish monitoring at long-term monitoring stations in the Belgian part of the North Sea,Marine,Temperate,FALSE,-Inf,Count,NA,51.529738,2.729548,1.0791812460476249
501,TR_Mean_LengthMax,-0.026268372025371738,79.83333333333333,7.916666666666667,0.5072727904256801,6.916666666666667,12,Epibenthos and demersal fish monitoring at long-term monitoring stations in the Belgian part of the North Sea,Marine,Temperate,FALSE,-Inf,Count,NA,51.529738,2.729548,1.0791812460476249
502,TR_Max_Height,-0.044946657497549475,12,7,0.825,47,1,"Long-term tree demography in old-growth forests of Huron Mts, MI from permanent-plot censuses, 1962-2009",Terrestrial,Temperate,FALSE,-3.0942041196321313,Count,Size,46.92,-88.026,0
502,TR_Mean_SeedMass,-0.30303030303030304,12,7,1,47,1,"Long-term tree demography in old-growth forests of Huron Mts, MI from permanent-plot censuses, 1962-2009",Terrestrial,Temperate,FALSE,-3.0942041196321313,Count,Size,46.92,-88.026,0
505,TR_BodyLength_mm,-0.05512114824535059,119.57894736842105,7.631578947368421,0.6941573318360668,20.05263157894737,19,"Fish and marine invertebrates from the Israeli Eastern Mediterranean sea  1990-4, 2000, 2008-2012",Marine,Temperate,FALSE,2.6483600109809315,Count,NA,32.13292,34.668008,1.2787536009528289
505,TR_Mean_LengthMax,-0.056629556259172355,122.13333333333334,8.133333333333333,0.4500292063671961,20.266666666666666,19,"Fish and marine invertebrates from the Israeli Eastern Mediterranean sea  1990-4, 2000, 2008-2012",Marine,Temperate,FALSE,2.6483600109809315,Count,NA,32.13292,34.668008,1.2787536009528289
507,TR_BodyLength_mm,-0.030706174087184863,25.666666666666668,17.833333333333332,0.585429318245643,26.666666666666668,33,Trawl fisheries in Israeli Mediterranean,Marine,Temperate,FALSE,2.6483600109809315,NA,Weight,31.911611,34.39209,1.5185139398778875
507,TR_Mean_LengthMax,-0.0827442327811194,24.9375,17.5,0.49576813435070977,26.5625,32,Trawl fisheries in Israeli Mediterranean,Marine,Temperate,FALSE,2.6483600109809315,NA,Weight,31.911611,34.39209,1.505149978319906
511,TR_BodyLength_mm,0.03708942648186655,67.5,6,0.916557734204793,10,2,Demersal fish hauls from Guanabara Bay Brazil 2005-2015,Marine,Tropical,FALSE,-Inf,Count,Weight,-22.821245,-43.149249,0.3010299956639812
511,TR_Mean_LengthMax,0.12130253305144303,67.5,6,0.475599128540305,10,2,Demersal fish hauls from Guanabara Bay Brazil 2005-2015,Marine,Tropical,FALSE,-Inf,Count,Weight,-22.821245,-43.149249,0.3010299956639812
512,TR_Max_Height,0.09782287608425617,71.85714285714286,2.5714285714285716,0.8710404843099945,30,7,The Hundt 2001 data - Rudolf Hundt,Terrestrial,Temperate,FALSE,-4.6020599913279625,NA,Cover,51.31445,11.75782,0.8450980400142568
512,TR_Mean_SeedMass,-0.034483600525306635,71.85714285714286,2.5714285714285716,0.8548985155141866,30,7,The Hundt 2001 data - Rudolf Hundt,Terrestrial,Temperate,FALSE,-4.6020599913279625,NA,Cover,51.31445,11.75782,0.8450980400142568
516,TR_adult_body_mass_g,-0.12311521773065062,31.5,4.166666666666667,0.9668270271171645,16,6,A large-scale fragmentation experiment for Neotropical bats,Terrestrial,Tropical,FALSE,-Inf,Count,NA,-2.386381,-59.918769,0.7781512503836436
